,分行名称,纬度,经度,星期一至星期五,星期六,星期日和公眾假期,电话,传真,地址,是否有ATM,是否有柜台
0,"
                    中區分行
                ","
22.280249
","
114.160161
",星期一至星期五: 9:00 – 17:00,星期六: 9:00 – 13:00,星期日和公眾假期: 休息, +852 2160 8888, +852 2545 0950,香港德輔道中2號A  ,有,有
1,"
                    般含道分行
                ","
22.2844809
","
114.1409265
",星期一至星期五: 9:00 – 17:00,星期六: 9:00 – 13:00,星期日和公眾假期: 休息, +852 3988 2388,,香港般含道63號  ,有,有
2,"
                    石塘咀分行
                ","
22.2862301
","
114.1345169
",星期一至星期五: 9:00 – 17:00,星期六: 9:00 – 13:00,星期日和公眾假期: 休息, +852 3988 2388,,香港石塘咀皇后大道西534號  ,有,有
3,"
                    堅尼地城分行
                ","
22.2834044
","
114.1293779
",星期一至星期五: 9:00 – 17:00,星期六: 9:00 – 13:00,星期日和公眾假期: 休息, +852 3988 2388,,香港堅尼地城吉席街2-2F海怡花園  ,有,有
4,"
                    干諾道中分行
                ","
22.282915
","
114.157785
",星期一至星期五: 9:00 – 17:00,星期六: 9:00 – 13:00,星期日和公眾假期: 休息, +852 3988 2388,,香港干諾道中13-14號  ,有,没有
5,"
                    堅道分行
                ","
22.2808553
","
114.1526749
",星期一至星期五: 9:00 – 17:00,星期六: 9:00 – 13:00,星期日和公眾假期: 休息, +852 3988 2388,,香港堅道57號  ,有,有
6,"
                    上環分行
                ","
22.286276
","
114.152152
",星期一至星期五: 9:00 – 17:00,星期六: 9:00 – 13:00,星期日和公眾假期: 休息, +852 3988 2388,, 香港德輔道中244-248號東協商業大廈地下1-4號舖及一樓,有,有
7,"
                    德輔道西分行
                ","
22.2878895
","
114.1445758
",星期一至星期五: 9:00 – 17:00,星期六: 9:00 – 13:00,星期日和公眾假期: 休息, +852 3988 2388,,香港德輔道西111-119號  ,有,有
8,"
                    雲咸街分行
                ","
22.2812076
","
114.1564853
",星期一至星期五: 9:00 – 17:00,星期六: 9:00 – 13:00,星期日和公眾假期: 休息, +852 3988 2388,,香港中環雲咸街1-3號南華大廈地下  ,有,有
9,"
                    西區分行
                ","
22.28681066270472
","
114.13728140294552
",星期一至星期五: 9:00 – 17:00,星期六: 9:00 – 13:00,星期日和公眾假期: 休息, +852 3988 2388,,香港德輔道西386-388號  ,有,有
10,"
                    第一街分行
                ","
22.2865402
","
114.1425311
",星期一至星期五: 9:00 – 17:00,星期六: 9:00 – 13:00,星期日和公眾假期: 休息, +852 3988 2388,,香港西營盤第一街55號A  ,有,有
11,"
                    統一中心分行
                ","
22.278421
","
114.165361
",星期一至星期五: 9:00 – 17:00,星期六: 9:00 – 13:00,星期日和公眾假期: 休息, +852 3988 2388,,香港金鐘道95號統一中心商場1021號  ,有,有
12,"
                    信德中心分行
                ","
22.288101
","
114.1512204
",星期一至星期五: 9:00 – 17:00,星期六: 9:00 – 13:00,星期日和公眾假期: 休息, +852 3988 2388,,香港干諾道中200號信德中心二樓225號  ,有,有
13,"
                    中銀大廈分行
                ","
22.27925
","
114.161572
",星期一至星期五: 9:00 – 17:00,星期六: 9:00 – 13:00,星期日和公眾假期: 休息, +852 2826 6888, +852 2804 6370,香港花園道1號  ,有,有
14,"
                    中環永安集團大廈分行
                ","
22.283852
","
114.1564086
",星期一至星期五: 9:00 – 17:00,星期六: 9:00 – 13:00,星期日和公眾假期: 休息, +852 3988 2388,,香港德輔道中71號永安集團大廈地庫至二樓  ,有,有
15,"
                    上環皇后大道西分行
                ","
22.2864297
","
114.1485646
",星期一至星期五: 9:00 – 17:00,星期六: 9:00 – 13:00,星期日和公眾假期: 休息, +852 3988 2388,,香港上環皇后大道西2-12號  ,有,有
16,"
                    港鐵金鐘站
                ","
22.2780189
","
114.165959
",,,,,,港鐵金鐘站  ,没有,没有
17,"
                    港鐵上環站
                ","
22.286659
","
114.151947
",,,,,,港鐵上環站  ,没有,没有
18,"
                    港鐵中環站
                ","
22.281488
","
114.158554
",,,,,,港鐵中環站  ,没有,没有
19,"
                    歐陸貿易中心
                ","
22.2827585
","
114.1576765
",,,,,,干諾道中13-14號歐陸貿易中心地下W舖  ,没有,没有
20,"
                    港鐵香港站
                ","
22.28424
","
114.158882
",,,,,,港鐵香港站  ,没有,没有
21,"
                    中銀大廈 3/F
                ","
22.2796675
","
114.1612875
",,,,,,香港花園道1號中銀大厦3樓大堂  ,没有,没有
22,"
                    中銀大廈 G/F
                ","
22.2796675
","
114.1612875
",,,,,,香港花園道1號中銀大厦地下大堂  ,没有,没有
23,"
                    香港大學
                ","
22.2828229
","
114.1361807
",,,,,,香港薄扶林道香港大學黃克競樓平台  ,没有,没有
24,"
                    統一中心
                ","
22.278421
","
114.165361
",,,,,,香港金鐘道95號統一中心商場1011號  ,没有,没有
25,"
                    銀行業務處
                ","
22.2793052
","
114.1614922
",星期一至星期五: 9:00 – 17:00,星期六: 9:00 – 13:00,星期日和公眾假期: 休息,,, 香港花園道1號中銀大廈33樓,没有,没有
26,"
                    非銀行業務處
                ","
22.2793052
","
114.1614922
",星期一至星期五: 9:00 – 17:00,星期六: 9:00 – 13:00,星期日和公眾假期: 休息,,, 香港花園道1號中銀大廈33樓,没有,没有
27,"
                    政府及公營機構處
                ","
22.279334
","
114.161450
",星期一至星期五: 9:00 – 17:00,星期六: 9:00 – 13:00,星期日和公眾假期: 休息,,, 香港花園道1號中銀大廈33樓,没有,没有
28,"
                    工商業務一處
                ","
22.2793052
","
114.1614922
",星期一至星期五: 9:00 – 17:00,星期六: 9:00 – 13:00,星期日和公眾假期: 休息,,, 香港花園道1號中銀大廈24樓,没有,没有
29,"
                    工商業務二處
                ","
22.2793052
","
114.1614922
",星期一至星期五: 9:00 – 17:00,星期六: 9:00 – 13:00,星期日和公眾假期: 休息,,, 香港花園道1號中銀大廈9樓,没有,没有
30,"
                    港島工商中心
                ","
22.284088
","
114.156635
",星期一至星期五: 9:00 – 17:00,星期六: 9:00 – 13:00,星期日和公眾假期: 休息,,, 香港德輔道中71號永安集團大廈二樓,没有,没有
31,"
                    港鐵堅尼地城站
                ","
22.281316
","
114.128987
",,,,,,港鐵堅尼地城站  ,没有,没有
32,"
                    外交部
                ","
22.2770036
","
114.1630349
",,,,,,香港中環堅尼地道42號  ,没有,没有
33,"
                    中環軍營
                ","
22.282400
","
114.163202
",,,,,,香港中環軍營第10座  ,没有,没有
34,"
                    中聯辦
                ","
22.288070
","
114.139828
",,,,,,西營盤干諾道西160號  ,没有,没有
35,"
                    立法會綜合大樓
                ","
22.281806
","
114.166412
",,,,,,香港中環立法會道1號立法會綜合大樓地下部份位置  ,没有,没有
36,"
                    政府總部
                ","
22.2802975
","
114.1658597
",,,,,,香港添馬添美道2號政府總部1樓A區  ,没有,没有
37,"
                    跑馬地中銀理財中心
                ","
22.268552
","
114.186533
",星期一至星期五: 9:00 – 17:00,星期六: 9:00 – 13:00,星期日和公眾假期: 休息, +852 3988 2388,,香港跑馬地成和道49-51A號  ,有,有
38,"
                    軒尼詩道409號分行
                ","
22.279338
","
114.180549
",星期一至星期五: 9:00 – 17:00,星期六: 9:00 – 13:00,星期日和公眾假期: 休息, +852 3988 2388,,香港灣仔軒尼詩道409-415號  ,有,有
39,"
                    灣仔中國海外大廈分行
                ","
22.2776532
","
114.172805
",星期一至星期五: 9:00 – 17:00,星期六: 9:00 – 13:00,星期日和公眾假期: 休息, +852 3988 2388,,香港灣仔軒尼詩道139號  ,有,有
40,"
                    港灣道分行
                ","
22.2798311
","
114.1760776
",星期一至星期五: 9:00 – 17:00,星期六: 9:00 – 13:00,星期日和公眾假期: 休息, +852 3988 2388,,香港灣仔港灣道28號灣景中心大廈地下6號舖  ,有,有
41,"
                    灣仔胡忠大廈分行
                ","
22.2745372
","
114.1728407
",星期一至星期五: 9:00 – 17:00,星期六: 9:00 – 13:00,星期日和公眾假期: 休息, +852 3988 2388,,香港灣仔皇后大道東213號  ,有,有
42,"
                    莊士敦道分行
                ","
22.276552
","
114.174389
",星期一至星期五: 9:00 – 17:00,星期六: 9:00 – 13:00,星期日和公眾假期: 休息, +852 3988 2388,,香港灣仔莊士敦道152-158號  ,有,有
43,"
                    銅鑼灣分行
                ","
22.280542
","
114.183335
",星期一至星期五: 9:00 – 17:00,星期六: 9:00 – 13:00,星期日和公眾假期: 休息, +852 3988 2388,,香港銅鑼灣軒尼詩道505號電業城地下B、C、D舖及1至3樓  ,有,有
44,"
                    跑馬地分行
                ","
22.268921
","
114.185223
",星期一至星期五: 9:00 – 17:00,星期六: 9:00 – 13:00,星期日和公眾假期: 休息, +852 3988 2388,,香港跑馬地景光街11號  ,有,有
45,"
                    渣甸街分行
                ","
22.279608
","
114.185114
",星期一至星期五: 9:00 – 17:00,星期六: 9:00 – 13:00,星期日和公眾假期: 休息, +852 3988 2388,,香港銅鑼灣渣甸街23號兆基商業中心地下  ,有,有
46,"
                    港鐵灣仔站
                ","
22.2773543
","
114.1730167
",,,,,,港鐵灣仔站  ,没有,没有
47,"
                    跑馬地馬場(公眾席)
                ","
22.269802
","
114.18402
",,,,,,跑馬地馬場 - 公眾席入口  ,没有,没有
48,"
                    跑馬地(會員席)
                ","
22.2722588771868
","
114.1803503036499
",,,,,,跑馬地馬場一樓會員席入口  ,没有,没有
49,"
                    港鐵銅鑼灣站
                ","
22.2800834
","
114.1826128
",,,,,,港鐵銅鑼灣站  ,没有,没有
50,"
                    入境事務大樓
                ","
22.2793434
","
114.1731023
",,,,,,香港灣仔告士打道7號入境事務大樓1樓1號室  ,没有,没有
51,"
                    禮頓道分行
                ","
22.277174
","
114.1819011
",星期一至星期五: 9:00 – 17:00,星期六: 9:00 – 13:00,星期日和公眾假期: 休息, +852 3988 2388,,香港銅鑼灣禮頓道 33-35 號第一商業大廈地下 A 及 B 舖  ,有,有
52,"
                    律敦治醫院
                ","
22.275799
","
114.175333
",,,,,,香港灣仔皇后大道東 266 號律敦治醫院LG3  ,没有,没有
53,"
                    香港演藝學院
                ","
22.280042
","
114.170094
",,,,,,灣仔告士打道1號香港演藝學院  ,没有,没有
54,"
                    香港警察總部
                ","
22.278783
","
114.168505
",,,,,,香港灣仔軍器廠街1號香港警察總部 (東翼地下大堂 )  ,没有,没有
55,"
                    杏花邨分行
                ","
22.277675
","
114.2395195
",星期一至星期五: 9:00 – 17:00,星期六: 9:00 – 13:00,星期日和公眾假期: 休息, +852 3988 2388,,香港柴灣杏花邨東翼商場205-208號  ,有,有
56,"
                    北角恒英大廈分行
                ","
22.290118916372773
","
114.19621556997299
",星期一至星期五: 9:00 – 17:00,星期六: 9:00 – 13:00,星期日和公眾假期: 休息, +852 3988 2388,,香港北角英皇道318-328號B1舖  ,有,有
57,"
                    鰂魚涌分行
                ","
22.2845867
","
114.2133736
",星期一至星期五: 9:00 – 17:00,星期六: 9:00 – 13:00,星期日和公眾假期: 休息, +852 3988 2388,,香港鰂魚涌英皇道1060號柏惠苑  ,有,有
58,"
                    西灣河分行
                ","
22.2811483
","
114.2226749
",星期一至星期五: 9:00 – 17:00,星期六: 9:00 – 13:00,星期日和公眾假期: 休息, +852 3988 2388,,香港西灣河筲箕灣道142-146號  ,有,有
59,"
                    利眾街分行
                ","
22.2657514
","
114.2359625
",星期一至星期五: 9:00 – 17:00,星期六: 9:00 – 13:00,星期日和公眾假期: 休息, +852 3988 2388,,香港柴灣利眾街29-31號  ,有,有
60,"
                    英皇道分行
                ","
22.2876806
","
114.1929691
",星期一至星期五: 9:00 – 17:00,星期六: 9:00 – 13:00,星期日和公眾假期: 休息, +852 3988 2388,,香港北角英皇道131-133號  ,有,有
61,"
                    健康村分行
                ","
22.2919531
","
114.2062597
",星期一至星期五: 9:00 – 17:00,星期六: 9:00 – 13:00,星期日和公眾假期: 休息, +852 3988 2388,,香港北角英皇道668號健康村二期1-2號  ,有,有
62,"
                    柴灣分行
                ","
22.263987
","
114.2392275
",星期一至星期五: 9:00 – 17:00,星期六: 9:00 – 13:00,星期日和公眾假期: 休息, +852 3988 2388,,香港柴灣道341-343號宏德居B座  ,没有,没有
63,"
                    小西灣分行
                ","
22.26280959
","
114.24974343
",星期一至星期五: 9:00 – 17:00,星期六: 9:00 – 13:00,星期日和公眾假期: 休息, +852 3988 2388,,香港小西灣富怡花園商舖19號  ,有,有
64,"
                    金華街分行
                ","
22.2779651
","
114.2302779
",星期一至星期五: 9:00 – 17:00,星期六: 9:00 – 13:00,星期日和公眾假期: 休息, +852 3988 2388,,香港筲箕灣金華街3號  ,有,有
65,"
                    太古城分行
                ","
22.286204
","
114.2186012
",星期一至星期五: 9:00 – 17:00,星期六: 9:00 – 13:00,星期日和公眾假期: 休息, +852 3988 2388,,香港太古城智星閣P1025 - 1026  ,有,有
66,"
                    北角分行
                ","
22.291197
","
114.201019
",星期一至星期五: 9:00 – 17:00,星期六: 9:00 – 13:00,星期日和公眾假期: 休息, +852 3988 2388,,香港北角英皇道 480 號昌明洋樓地下 B 及 C 舖  ,有,有
67,"
                    筲箕灣寶文大廈分行
                ","
22.2803379
","
114.2246653
",星期一至星期五: 9:00 – 17:00,星期六: 9:00 – 13:00,星期日和公眾假期: 休息, +852 3988 2388,,香港筲箕灣道260-262號  ,有,有
68,"
                    北角英皇中心分行
                ","
22.28943828618466
","
114.19420726597309
",星期一至星期五: 9:00 – 17:00,星期六: 9:00 – 13:00,星期日和公眾假期: 休息, +852 3988 2388,,香港北角英皇道193-209號  ,有,有
69,"
                    勵德村
                ","
22.2784156
","
114.1939856
",,,,,,香港大坑勵德村6座地下  ,没有,没有
70,"
                    柴灣分行保管箱服務中心
                ","
22.2644215
","
114.240442
",星期一至星期五: 9:00 – 17:00,星期六: 9:00 – 13:00,星期日和公眾假期: 休息, +852 3988 2388,, 香港柴灣道345號金源洋樓27號,有,有
71,"
                    太古城分行保管箱服務中心
                ","
22.2862041
","
114.2186425
",星期一至星期五: 9:00 – 17:00,星期六: 9:00 – 13:00,星期日和公眾假期: 休息, +852 3988 2388,, 香港太古城海星閣G1006,没有,没有
72,"
                    港鐵太古站
                ","
22.2845337
","
114.2162496
",,,,,,港鐵太古站  ,没有,没有
73,"
                    港鐵北角站
                ","
22.290879
","
114.2006345
",,,,,,港鐵北角站  ,没有,没有
74,"
                    港鐵天后站
                ","
22.2826838
","
114.1915316
",,,,,,港鐵天后站  ,没有,没有
75,"
                    港鐵杏花邨站
                ","
22.2766647
","
114.2398653
",,,,,,港鐵杏花邨站  ,没有,没有
76,"
                    港鐵柴灣站
                ","
22.2645261
","
114.2371801
",,,,,,港鐵柴灣站  ,没有,没有
77,"
                    港鐵炮台山站
                ","
22.2883244
","
114.1939313
",,,,,,港鐵炮台山站  ,没有,没有
78,"
                    港鐵筲箕灣站
                ","
22.2789312
","
114.2291588
",,,,,,港鐵筲箕灣站  ,没有,没有
79,"
                    耀東商場
                ","
22.277426
","
114.224106
",,,,,,筲箕灣耀東商場1樓ATM No.1  ,没有,没有
80,"
                    港鐵西灣河站
                ","
22.2818951
","
114.222468
",,,,,,港鐵西灣河站  ,没有,没有
81,"
                    康怡廣場(南)
                ","
22.284487
","
114.216001
",,,,,,香港鰂魚涌康山道2號康怡廣場南座二樓  ,没有,没有
82,"
                    港鐵鰂魚涌站
                ","
22.287944859016434
","
114.20982778072357
",,,,,,港鐵鰂魚涌站  ,没有,没有
83,"
                    太古城(耀星閣)
                ","
22.286372
","
114.218760
",,,,,,香港太古城耀星閣G1012-G1013  ,没有,没有
84,"
                    翠灣村
                ","
22.267949
","
114.240396
",,,,,,香港柴灣翠灣村翠灣商場地下2號ATM  ,没有,没有
85,"
                    AIA友邦廣場
                ","
22.288422
","
114.192742
",,,,,,香港北角電氣道183號12樓  ,没有,没有
86,"
                    北角中銀理財中心
                ","
22.291105
","
114.200661
",星期一至星期五: 9:00 – 17:00,星期六: 9:00 – 13:00,星期日和公眾假期: 休息, +852 3988 2388,,香港北角英皇道 460-470 號樂嘉中心地下 5B 號舖  ,有,有
87,"
                    東區尤德夫人那打素醫院
                ","
22.269438
","
114.236508
",,,,,,香港柴灣樂民道 3 號東區尤德夫人那打素醫院主樓地下  ,没有,没有
88,"
                    愛蝶灣
                ","
22.280073
","
114.228488
",,,,,,香港筲箕灣愛禮街2號愛蝶灣商舖40號  ,没有,没有
89,"
                    渣華道分行
                ","
22.292499
","
114.201941
",星期一至星期五: 9:00 – 17:00,星期六: 9:00 – 13:00,星期日和公眾假期: 休息, +852 3988 2388,,香港北角渣華道 188 - 194號僑華大廈地下B舖  ,有,有
90,"
                    峰華村
                ","
22.260756
","
114.231058
",,,,,,香港柴灣峰霞道4及6號峰華邨曉峰樓地下有蓋行人通道  ,没有,没有
91,"
                    興華(二)村
                ","
22.2634009
","
114.232877
",,,,,,柴灣興華(二)村安興樓7樓近 719號舖位對出空地  ,没有,没有
92,"
                    陽明山莊
                ","
22.2581293
","
114.1983816
",,,,,,陽明山莊商業中心地下88號大潭水塘道  ,没有,没有
93,"
                    香港仔分行
                ","
22.2481767
","
114.1550356
",星期一至星期五: 9:00 – 17:00,星期六: 9:00 – 13:00,星期日和公眾假期: 休息, +852 3988 2388,,香港仔湖北街25號  ,有,有
94,"
                    鴨脷洲分行
                ","
22.2441922
","
114.1565771
",星期一至星期五: 9:00 – 17:00,星期六: 9:00 – 13:00,星期日和公眾假期: 休息, +852 3988 2388,,香港鴨脷洲惠風街13-15號  ,有,有
95,"
                    田灣分行
                ","
22.2496827
","
114.148904
",星期一至星期五: 9:00 – 17:00,星期六: 9:00 – 13:00,星期日和公眾假期: 休息, +852 3988 2388,,香港田灣嘉禾街2-12號  ,有,有
96,"
                    海怡分行
                ","
22.243666
","
114.146845
",星期一至星期五: 9:00 – 17:00,星期六: 9:00 – 13:00,星期日和公眾假期: 休息, +852 3988 2388,,香港鴨脷洲海怡半島西翼商場G38  ,有,有
97,"
                    置富南區廣場分行
                ","
22.257917
","
114.138883
",星期一至星期五: 9:00 – 17:00,星期六: 9:00 – 13:00,星期日和公眾假期: 休息, +852 3988 2388,,香港薄扶林置富南區廣場510號  ,有,有
98,"
                    赤柱分行
                ","
22.219544079024516
","
114.20982241630554
",星期一至星期五: 9:00 – 17:00,星期六: 9:00 – 13:00,星期日和公眾假期: 休息, +852 3988 2388,,香港赤柱廣場 3樓 301B  ,有,有
99,"
                    海怡分行保管箱服務中心
                ","
22.243444
","
114.148543
",星期一至星期五: 9:00 – 17:00,星期六: 9:00 – 13:00,星期日和公眾假期: 休息, +852 3988 2388,, 香港鴨脷洲海怡東商場118號,没有,没有
100,"
                    石排灣商場
                ","
22.249771
","
114.157404
",,,,,,石排灣商場低層一樓鄰近2號舖的公眾地方ATM位置  ,没有,没有
101,"
                    黃竹坑道
                ","
22.248186
","
114.166206
",,,,,,香港黃竹坑道40號  ,没有,没有
102,"
                    香港港安醫院
                ","
22.263565
","
114.184265
",,,,,,香港司徒拔道40號港安醫院  ,没有,没有
103,"
                    鴨脷洲村
                ","
22.244708
","
114.150138
",,,,,,"香港鴨脷洲鴨脷洲橋路322,326,328,330及332號鴨脷洲村利澤樓地下12號舖  ",没有,没有
104,"
                    華富(一)商場
                ","
22.250162
","
114.137494
",,,,,,香港薄扶林華富道23號華富(一)商場地下22號舖  ,没有,没有
105,"
                    葛量洪醫院
                ","
22.251101
","
114.173293
",,,,,,香港仔黃竹坑道 125 號葛量洪醫院主樓地下  ,没有,没有
106,"
                    瑪麗醫院
                ","
22.270272
","
114.131178
",,,,,,香港薄扶林道 102 號瑪麗醫院(A翼)主樓地下  ,没有,没有
107,"
                    海洋公園站
                ","
22.248724
","
114.174318
",,,,,,港鐵海洋公園站ATM位置OCP 4-b  ,没有,没有
108,"
                    利東站
                ","
22.241936
","
114.156096
",,,,,,港鐵利東站ATM位置LET ATM1  ,没有,没有
109,"
                    黃竹坑站
                ","
22.247980
","
114.167985
",,,,,,港鐵黃竹坑站WCH6號舖  ,没有,没有
110,"
                    赤柱軍營
                ","
22.202201
","
114.215069
",,,,,,香港香港島南區赤柱半島南端赤柱軍營  ,没有,没有
111,"
                    華貴村
                ","
22.250174
","
114.139108
",,,,,,香港華貴道 3號華貴邨華貴坊地下2號ATM  ,没有,没有
112,"
                    香港警察學院
                ","
22.247306
","
114.1694613
",,,,,,香港黃竹坑海洋公園道18號香港警察學院行政大樓地下  ,没有,没有
113,"
                    太子分行
                ","
22.325211
","
114.1682503
",星期一至星期五: 9:00 – 17:00,星期六: 9:00 – 13:00,星期日和公眾假期: 休息, +852 3988 2388,,九龍彌敦道774號  ,有,有
114,"
                    福全街分行
                ","
22.3212951
","
114.1642719
",星期一至星期五: 9:00 – 17:00,星期六: 9:00 – 13:00,星期日和公眾假期: 休息, +852 3988 2388,,九龍大角咀福全街32-40號  ,有,有
115,"
                    堪富利士道分行
                ","
22.2981631
","
114.1726582
",星期一至星期五: 9:00 – 17:00,星期六: 9:00 – 13:00,星期日和公眾假期: 休息, +852 3988 2388,,九龍尖沙咀堪富利士道4-4A  ,有,有
116,"
                    旺角銀高國際大廈分行
                ","
22.32054410347764
","
114.16894018650055
",星期一至星期五: 9:00 – 17:00,星期六: 9:00 – 13:00,星期日和公眾假期: 休息, +852 3988 2388,,九龍旺角彌敦道707-713號B舖  ,有,有
117,"
                    佐敦道分行
                ","
22.3054987
","
114.1706548
",星期一至星期五: 9:00 – 17:00,星期六: 9:00 – 13:00,星期日和公眾假期: 休息, +852 3988 2388,,九龍佐敦道23-29號新寶廣場一樓  ,有,有
118,"
                    旺角分行
                ","
22.3157722
","
114.1699893
",星期一至星期五: 9:00 – 17:00,星期六: 9:00 – 13:00,星期日和公眾假期: 休息, +852 3988 2388,,九龍旺角彌敦道589號  ,有,有
119,"
                    旺角太子道西分行
                ","
22.324465
","
114.168068
",星期一至星期五: 9:00 – 17:00,星期六: 9:00 – 13:00,星期日和公眾假期: 休息, +852 3988 2388,,九龍旺角太子道西116-118號  ,有,有
120,"
                    尖沙咀分行
                ","
22.299577
","
114.173312
",星期一至星期五: 9:00 – 17:00,星期六: 9:00 – 13:00,星期日和公眾假期: 休息, +852 3988 2388,,九龍尖沙咀加拿芬道24-28號  ,有,有
121,"
                    太子上海街分行
                ","
22.3225649
","
114.1673973
",星期一至星期五: 9:00 – 17:00,星期六: 9:00 – 13:00,星期日和公眾假期: 休息, +852 3988 2388,,九龍旺角上海街689-693號  ,有,有
122,"
                    大角咀分行
                ","
22.3203
","
114.1618055
",星期一至星期五: 9:00 – 17:00,星期六: 9:00 – 13:00,星期日和公眾假期: 休息, +852 3988 2388,,九龍大角咀道73-77號  ,有,有
123,"
                    中港城分行
                ","
22.300477
","
114.1681502
",星期一至星期五: 9:00 – 17:00,星期六: 9:00 – 13:00,星期日和公眾假期: 休息, +852 3988 2388,,九龍尖沙咀廣東道33號中港城2樓19-20 號舖  ,有,有
124,"
                    旺角道分行
                ","
22.3212348
","
114.1709626
",星期一至星期五: 9:00 – 17:00,星期六: 9:00 – 13:00,星期日和公眾假期: 休息, +852 3988 2388,,九龍旺角道50-52號  ,有,有
125,"
                    奧海城分行
                ","
22.315719
","
114.162283
",星期一至星期五: 9:00 – 17:00,星期六: 9:00 – 13:00,星期日和公眾假期: 休息, +852 3988 2388,,九龍海庭道18號奧海城二期一樓133號  ,有,有
126,"
                    油麻地分行
                ","
22.3109025
","
114.1708514
",星期一至星期五: 9:00 – 17:00,星期六: 9:00 – 13:00,星期日和公眾假期: 休息, +852 3988 2388,,九龍油麻地彌敦道471號  ,有,有
127,"
                    尖沙咀東分行
                ","
22.299504
","
114.1768041
",星期一至星期五: 9:00 – 17:00,星期六: 9:00 – 13:00,星期日和公眾假期: 休息, +852 3988 2388,,九龍尖沙咀東加連威老道96號希爾頓大廈低層地下3號舖  ,有,有
128,"
                    旺角總統商業大廈分行
                ","
22.316565
","
114.1700596
",星期一至星期五: 9:00 – 17:00,星期六: 9:00 – 13:00,星期日和公眾假期: 休息, +852 3988 2388,,九龍旺角彌敦道608號  ,有,有
129,"
                    金馬倫道中銀理財中心
                ","
22.298987
","
114.174490
",星期一至星期五: 9:00 – 17:00,星期六: 9:00 – 13:00,星期日和公眾假期: 休息, +852 3988 2388,,九龍尖沙咀金馬倫道30號  ,有,有
130,"
                    金巴利道分行
                ","
22.301000
","
114.173727
",星期一至星期五: 9:00 – 17:00,星期六: 9:00 – 13:00,星期日和公眾假期: 休息, +852 3988 2388,,九龍尖沙咀金巴利道37號豪麗大廈地下A&B舖及一樓  ,有,有
131,"
                    港鐵太子站
                ","
22.3246879
","
114.1682587
",,,,,,港鐵太子站  ,没有,没有
132,"
                    港鐵尖沙咀站
                ","
22.297415
","
114.171896
",,,,,,港鐵尖沙咀站  ,没有,没有
133,"
                    東鐵尖東站
                ","
22.2956492
","
114.1748335
",,,,,,港鐵尖東站非付款大堂24號舖  ,没有,没有
134,"
                    中銀中心自助銀行中心
                ","
22.319661
","
114.158159
",,,,,,九龍海輝道11號奧海城一期中銀中心UG層  ,没有,没有
135,"
                    港鐵奧運站
                ","
22.317861856452488
","
114.16021160781384
",,,,,,港鐵奧運站  ,没有,没有
136,"
                    港鐵油麻地站
                ","
22.3130319
","
114.1707112
",,,,,,港鐵油麻地站  ,没有,没有
137,"
                    東鐵旺角東站
                ","
22.3223045
","
114.1725977
",,,,,,港鐵旺角東站付款大堂MKK 9號舖  ,没有,没有
138,"
                    雅蘭中心
                ","
22.317559
","
114.169437
",,,,,,旺角彌敦道625號及639號雅蘭中心地下  ,没有,没有
139,"
                    工商業務三處
                ","
22.298676
","
114.167842
",星期一至星期五: 9:00 – 17:00,星期六: 9:00 – 13:00,星期日和公眾假期: 休息,,, 九龍尖沙咀廣東道21號海港城港威大廈3座英國保誠保險大樓701-706室,没有,没有
140,"
                    九龍工商中心 (二)
                ","
22.3157548
","
114.16985649999992
",星期一至星期五: 9:00 – 17:00,星期六: 9:00 – 13:00,星期日和公眾假期: 休息,,, 九龍旺角彌敦道589號中銀旺角商業中心9樓,没有,没有
141,"
                    廣東道中銀理財中心
                ","
22.298280
","
114.168759
",星期一至星期五: 9:00 – 17:00,星期六: 9:00 – 13:00,星期日和公眾假期: 休息, +852 3988 2388,,九龍尖沙咀廣東道60號  ,有,有
142,"
                    旺角站
                ","
22.319415
","
114.169291
",,,,,,港鐵旺角站自動櫃員機 (MOK ATM 3)  ,没有,没有
143,"
                    新九龍廣場
                ","
22.319518
","
114.162466
",,,,,,九龍大角咀道38號新九龍廣場地下090號  ,没有,没有
144,"
                    九龍醫院
                ","
22.32304
","
114.179407
",,,,,,九龍亞皆老街 147A九龍醫院(西翼)UG層  ,没有,没有
145,"
                    伊利沙伯醫院 (E室)
                ","
22.307741
","
114.173856
",,,,,,九龍加士居道 30 號伊利沙伯醫院 E室地下  ,没有,没有
146,"
                    醫管局大樓
                ","
22.324293
","
114.183204
",,,,,,九龍亞皆老街 147B 醫管局大樓地下  ,没有,没有
147,"
                    伊利沙伯醫院(ACC層)
                ","
22.309150
","
114.174370
",,,,,,九龍加士居道 30 號伊利沙伯醫院ACC層地下  ,没有,没有
148,"
                    中港城中銀理財中心
                ","
22.300637
","
114.167799
",星期一至星期五: 9:00 – 17:00,星期六: 9:00 – 13:00,星期日和公眾假期: 休息, +852 3988 2388,,九龍尖沙咀廣東道33號中港城高層地下1號舖  ,有,有
149,"
                    槍會山軍營
                ","
22.304089
","
114.176908
",,,,,,香港尖沙咀柯士甸道127號槍會山軍營  ,没有,没有
150,"
                    港鐵西九龍站
                ","
22.304457
","
114.164807
",,,,,,香港九龍尖沙咀柯士甸道西3號香港西九龍站售票大堂B1-14號舖  ,没有,没有
151,"
                    圓方分行
                ","
22.303417
","
114.162831
",星期一至星期五: 9:00 – 17:00,星期六: 9:00 – 13:00,星期日和公眾假期: 休息, +852 3988 2388,,九龍柯士甸道西1號圓方一樓1003-1004號舖  ,有,有
152,"
                    北帝街分行
                ","
22.3202439
","
114.1879308
",星期一至星期五: 9:00 – 17:00,星期六: 9:00 – 13:00,星期日和公眾假期: 休息, +852 3988 2388,,九龍土瓜灣北帝街4-6號  ,有,有
153,"
                    窩打老道分行
                ","
22.3200882
","
114.1767814
",星期一至星期五: 9:00 – 17:00,星期六: 9:00 – 13:00,星期日和公眾假期: 休息, +852 3988 2388,,九龍窩打老道86號萬基大廈A2舖  ,有,有
154,"
                    衙前圍道分行
                ","
22.328759870044628
","
114.18966829776764
",星期一至星期五: 9:00 – 17:00,星期六: 9:00 – 13:00,星期日和公眾假期: 休息, +852 3988 2388,,九龍城衙前圍道25號  ,有,有
155,"
                    九龍城太子道分行
                ","
22.3276356
","
114.1884391
",星期一至星期五: 9:00 – 17:00,星期六: 9:00 – 13:00,星期日和公眾假期: 休息, +852 3988 2388,,九龍城太子道382-384號  ,有,有
156,"
                    馬頭圍道分行
                ","
22.3113195
","
114.1877229
",星期一至星期五: 9:00 – 17:00,星期六: 9:00 – 13:00,星期日和公眾假期: 休息, +852 3988 2388,,九龍紅磡馬頭圍道47-49號  ,有,有
157,"
                    馬頭角道分行
                ","
22.3218812
","
114.1898927
",星期一至星期五: 9:00 – 17:00,星期六: 9:00 – 13:00,星期日和公眾假期: 休息, +852 3988 2388,,九龍土瓜灣馬頭角道39-45號  ,有,有
158,"
                    黃埔花園十一期
                ","
22.305643
","
114.18991
",,,,,,九龍紅磡黃埔花園十一期商場地下G5號舖  ,没有,没有
159,"
                    紅磡義達大廈分行
                ","
22.3082292
","
114.1876664
",星期一至星期五: 9:00 – 17:00,星期六: 9:00 – 13:00,星期日和公眾假期: 休息, +852 3988 2388,,九龍紅磡馬頭圍道21號  ,有,有
160,"
                    香港都會大學分行
                ","
22.316144
","
114.180341
",星期一至星期五: 9:00 – 17:00,星期六: 9:00 – 13:00,星期日和公眾假期: 休息, +852 3988 2388,,九龍何文田牧愛街30號香港都會大學  ,有,有
161,"
                    又一城分行
                ","
22.337135
","
114.174808
",星期一至星期五: 9:00 – 17:00,星期六: 9:00 – 13:00,星期日和公眾假期: 休息, +852 3988 2388,,九龍塘又一城LG256號  ,有,有
162,"
                    紅磡中銀理財中心
                ","
22.31002
","
114.1877097
",星期一至星期五: 9:00 – 17:00,星期六: 9:00 – 13:00,星期日和公眾假期: 休息, +852 3988 2388,,九龍紅磡馬頭圍道37-39號  ,有,有
163,"
                    黃埔花園分行
                ","
22.3050785
","
114.188322
",星期一至星期五: 9:00 – 17:00,星期六: 9:00 – 13:00,星期日和公眾假期: 休息, +852 3988 2388,,九龍紅磡黃埔花園第一期商場G8B號  ,有,有
164,"
                    土瓜灣分行
                ","
22.3178463
","
114.1904224
",星期一至星期五: 9:00 – 17:00,星期六: 9:00 – 13:00,星期日和公眾假期: 休息, +852 3988 2388,,九龍土瓜灣道80號N  ,有,有
165,"
                    港鐵九龍塘站
                ","
22.3370516
","
114.1759259
",,,,,,港鐵九龍塘站  ,没有,没有
166,"
                    香港理工大學
                ","
22.3045487
","
114.179362
",,,,,,九龍紅磡香港理工大學邵逸夫樓平台二樓  ,没有,没有
167,"
                    昇悅商場
                ","
22.3353581
","
114.148304
",,,,,,九龍荔枝角道833號昇悅商場1樓(129號舖旁)  ,没有,没有
168,"
                    城市大學
                ","
22.3355885
","
114.1726998
",,,,,,九龍達之路香港城市大學教學樓3樓  ,没有,没有
169,"
                    港鐵九龍站
                ","
22.3048155
","
114.1619118
",,,,,,港鐵九龍站  ,没有,没有
170,"
                    港鐵佐敦站
                ","
22.3048748
","
114.1716793
",,,,,,港鐵佐敦站  ,没有,没有
171,"
                    東鐵紅磡站
                ","
22.3027602
","
114.1817587
",,,,,,東鐵紅磡站  ,没有,没有
172,"
                    西鐵柯士甸站
                ","
22.3035449
","
114.1666256
",,,,,,港鐵柯士甸站非付款大堂104號舖  ,没有,没有
173,"
                    晴朗商場
                ","
22.3318228
","
114.2030471
",,,,,,九龍城晴朗商場A區1樓ATM位  ,没有,没有
174,"
                    黃埔中銀理財中心
                ","
22.306576
","
114.187436
",星期一至星期五: 9:00 – 17:00,星期六: 9:00 – 13:00,星期日和公眾假期: 休息, +852 3988 2388,,九龍紅磡德民街1-15號黃埔新邨A-E座地下A1-A2及G1號鋪  ,有,有
175,"
                    九龍東軍營
                ","
22.337354
","
114.180354
",,,,,,九龍塘窩打老道200號九龍東軍營  ,没有,没有
176,"
                    香港浸信會醫院
                ","
22.3395053
","
114.1779638
",,,,,,香港九龍窩打老道222號香港浸信會醫院第D及E座地下自動櫃員機位置  ,没有,没有
177,"
                    何文田站
                ","
22.310292
","
114.182686
",,,,,,港鐵何文田站 HOM 203號舖(閘外)  ,没有,没有
178,"
                    啟德站
                ","
22.330758545929466
","
114.19954899728485
",,,,,,港鐵啟徳站閘外KAT 6號舖  ,没有,没有
179,"
                    西九龍總區警察總部
                ","
22.323738944561466
","
114.18330751078798
",,,,,,九龍何文田亞皆老街190號西九龍總區警察總部5樓  ,没有,没有
180,"
                    東九龍總區警察總部
                ","
22.3324147
","
114.1961554
",,,,,,九龍啟德協調道105號東九龍總區警察總部地下  ,没有,没有
181,"
                    南山村
                ","
22.332819502100172
","
114.17075805366039
",,,,,,九龍南山村南樂樓鄰近112號商舖的空地  ,没有,没有
182,"
                    麗瑤村
                ","
22.354119
","
114.131036
",,,,,,九龍麗瑤村街市鄰近1號商舖的空地  ,没有,没有
183,"
                    昂船洲軍營
                ","
22.319262536746088
","
114.13632787764072
",,,,,,昂船洲軍營第七座酒吧  ,没有,没有
184,"
                    長沙灣道194號分行
                ","
22.330662856665082
","
114.16272014379501
",星期一至星期五: 9:00 – 17:00,星期六: 9:00 – 13:00,星期日和公眾假期: 休息, +852 3988 2388,,九龍深水埗長沙灣道194-196號  ,有,有
185,"
                    李鄭屋邨分行
                ","
22.338538
","
114.158465
",星期一至星期五: 9:00 – 17:00,星期六: 9:00 – 13:00,星期日和公眾假期: 休息, +852 3988 2388,,九龍李鄭屋邨商業中心108號  ,有,有
186,"
                    深水埗分行
                ","
22.331698
","
114.1654591
",星期一至星期五: 9:00 – 17:00,星期六: 9:00 – 13:00,星期日和公眾假期: 休息, +852 3988 2388,,九龍深水埗南昌街207-211號  ,有,有
187,"
                    美孚萬事達廣場分行
                ","
22.337734
","
114.140080
",星期一至星期五: 9:00 – 17:00,星期六: 9:00 – 13:00,星期日和公眾假期: 休息, +852 3988 2388,,九龍美孚新邨萬事達廣場地下 N47-49 號舖  ,有,有
188,"
                    西九龍中心分行
                ","
22.331107
","
114.159776
",星期一至星期五: 9:00 – 17:00,星期六: 9:00 – 13:00,星期日和公眾假期: 休息, +852 3988 2388,,九龍深水埗欽州街37號K西九龍中心206A號  ,有,有
189,"
                    汝州街分行
                ","
22.326539
","
114.1658899
",星期一至星期五: 9:00 – 17:00,星期六: 9:00 – 13:00,星期日和公眾假期: 休息, +852 3988 2388,,九龍深水埗汝州街42-46號  ,有,有
190,"
                    美孚中銀理財中心
                ","
22.338021
","
114.138414
",星期一至星期五: 9:00 – 17:00,星期六: 9:00 – 13:00,星期日和公眾假期: 休息, +852 3988 2388,,九龍美孚新邨萬事達廣場地下 17-B 號舖  ,有,有
191,"
                    九龍廣場分行
                ","
22.3386997
","
114.1492228
",星期一至星期五: 9:00 – 17:00,星期六: 9:00 – 13:00,星期日和公眾假期: 休息, +852 3988 2388,,九龍青山道485號九龍廣場1號  ,有,有
192,"
                    長沙灣青山道分行
                ","
22.3388095
","
114.1558362
",星期一至星期五: 9:00 – 17:00,星期六: 9:00 – 13:00,星期日和公眾假期: 休息, +852 3988 2388,,九龍長沙灣青山道365-371號  ,没有,没有
193,"
                    美孚二期分行
                ","
22.3363016
","
114.1398676
",星期一至星期五: 9:00 – 17:00,星期六: 9:00 – 13:00,星期日和公眾假期: 休息, +852 3988 2388,,九龍美孚新邨吉利徑19號  ,有,有
194,"
                    港鐵長沙灣站
                ","
22.3352475
","
114.1563115
",,,,,,港鐵長沙灣站  ,没有,没有
195,"
                    港鐵荔枝角站
                ","
22.3373673
","
114.148211
",,,,,,港鐵荔枝角站  ,没有,没有
196,"
                    港鐵美孚站
                ","
22.3388814
","
114.1365657
",,,,,,港鐵美孚站  ,没有,没有
197,"
                    港鐵深水埗站
                ","
22.3309117
","
114.162256
",,,,,,港鐵深水埗站  ,没有,没有
198,"
                    港鐵石硤尾站
                ","
22.3320886
","
114.1688729
",,,,,,港鐵石硤尾站  ,没有,没有
199,"
                    白田村
                ","
22.3349055
","
114.167416
",,,,,,石硤尾白田村麗田樓地下鄰近區域保養辦事正門之公眾地方的ATM位置  ,没有,没有
200,"
                    西鐵南昌站
                ","
22.3274697
","
114.1524136
",,,,,,西鐵南昌站  ,没有,没有
201,"
                    西鐵美孚站
                ","
22.3388814
","
114.1365657
",,,,,,港鐵西鐵線美孚站MEF 102舖  ,没有,没有
202,"
                    海麗商場
                ","
22.332534
","
114.146910
",,,,,,深水埗深旺道100號海麗商場1樓ATM位置  ,没有,没有
203,"
                    瑪嘉烈醫院
                ","
22.340426
","
114.134603
",,,,,,九龍荔枝角瑪嘉烈醫院道2-10號瑪嘉烈醫院主樓地下  ,没有,没有
204,"
                    明愛醫院
                ","
22.340620
","
114.152410
",,,,,,九龍深水埗永康街 111 號明愛醫院懷明樓3樓  ,没有,没有
205,"
                    昂船洲軍營
                ","
22.319987
","
114.136891
",,,,,,九龍深水埗區昂船洲 志昂路昂船洲軍營  ,没有,没有
206,"
                    南昌薈
                ","
22.327299
","
114.155136
",,,,,,香港九龍深水埗西村路富昌邨南昌薈1樓4號ATM位置  ,没有,没有
207,"
                    蘇屋村
                ","
22.340367
","
114.156909
",,,,,,深水埗蘇屋邨蘇屋商場地下G03號舖  ,没有,没有
208,"
                    警察體育遊樂會
                ","
22.3269954
","
114.166549
",,,,,,九龍深水埗西洋菜北街430-446號警察體育遊樂會地下  ,没有,没有
209,"
                    慈正商場
                ","
22.350947
","
114.200563
",,,,,,黃大仙慈雲山慈正商場(II)期地下 ATM No.2  ,没有,没有
210,"
                    彩雲邨分行
                ","
22.333367
","
114.215024
",星期一至星期五: 9:00 – 17:00,星期六: 9:00 – 13:00,星期日和公眾假期: 休息, +852 3988 2388,,九龍彩雲邨商場A3-18  ,有,有
211,"
                    黃大仙分行
                ","
22.341416
","
114.194194
",星期一至星期五: 9:00 – 17:00,星期六: 9:00 – 13:00,星期日和公眾假期: 休息, +852 3988 2388,,九龍黃大仙黃大仙中心南館地下G13及G13A號舖  ,有,有
212,"
                    彩虹道分行
                ","
22.335549
","
114.19436
",星期一至星期五: 9:00 – 17:00,星期六: 9:00 – 13:00,星期日和公眾假期: 休息, +852 3988 2388,,九龍新蒲崗彩虹道58-68號  ,有,有
213,"
                    毓華街分行
                ","
22.3471564
","
114.2015015
",星期一至星期五: 9:00 – 17:00,星期六: 9:00 – 13:00,星期日和公眾假期: 休息, +852 3988 2388,,九龍慈雲山毓華街46-48號  ,有,有
214,"
                    大有街分行
                ","
22.3358068
","
114.197051
",星期一至星期五: 9:00 – 17:00,星期六: 9:00 – 13:00,星期日和公眾假期: 休息, +852 3988 2388,,九龍新蒲崗大有街35號  ,有,有
215,"
                    樂富分行
                ","
22.338456
","
114.186917
",星期一至星期五: 9:00 – 17:00,星期六: 9:00 – 13:00,星期日和公眾假期: 休息, +852 3988 2388,,九龍聯合道198號樂富廣場地下G204號舖  ,有,有
216,"
                    彩虹分行
                ","
22.3342186
","
114.2088761
",星期一至星期五: 9:00 – 17:00,星期六: 9:00 – 13:00,星期日和公眾假期: 休息, +852 3988 2388,,九龍牛池灣清水灣道19號  ,有,有
217,"
                    鑽石山分行
                ","
22.3399475
","
114.2029331
",星期一至星期五: 9:00 – 17:00,星期六: 9:00 – 13:00,星期日和公眾假期: 休息, +852 3988 2388,, 九龍鑽石山荷里活廣場G107號,有,有
218,"
                    爵祿街中銀理財中心
                ","
22.3354081
","
114.1972792
",星期一至星期五: 9:00 – 17:00,星期六: 9:00 – 13:00,星期日和公眾假期: 休息, +852 3988 2388,,九龍新蒲崗爵祿街86號  ,有,有
219,"
                    港鐵樂富站自助銀行中心
                ","
22.337732
","
114.187794
",,,,,,港鐵樂富站非付款大堂LOF-ABC 1 舖  ,没有,没有
220,"
                    港鐵彩虹站
                ","
22.3350404
","
114.2089034
",,,,,,港鐵彩虹站  ,没有,没有
221,"
                    港鐵樂富站
                ","
22.3380591
","
114.1872801
",,,,,,港鐵樂富站  ,没有,没有
222,"
                    港鐵黃大仙站
                ","
22.3416942
","
114.1938046
",,,,,,港鐵黃大仙站  ,没有,没有
223,"
                    港鐵鑽石山站
                ","
22.339581
","
114.2018665
",,,,,,港鐵鑽石山站  ,没有,没有
224,"
                    彩盈村
                ","
22.327949
","
114.214493
",,,,,,牛頭角彩盈坊彩盈商場鄰近2號商舖的空地ATM位置  ,没有,没有
225,"
                    慈雲山中心
                ","
22.348177
","
114.200586
",,,,,,慈雲山雲華街10號慈樂邨慈雲山中心5樓ATM No.2  ,没有,没有
226,"
                    東華三院黃大仙醫院
                ","
22.347117
","
114.195988
",,,,,,九龍黃大仙沙田坳道124號黃大仙醫院 2E(保安室外)  ,没有,没有
227,"
                    聖母醫院
                ","
22.345490
","
114.196624
",,,,,,九龍黃大仙沙田坳道 118 號聖母醫院(東翼)地下  ,没有,没有
228,"
                    富山村
                ","
22.342978
","
114.208271
",,,,,,黃大仙富山邨富仁樓地庫一行人通道  ,没有,没有
229,"
                    美東村
                ","
22.333069
","
114.187485
",,,,,,黃大仙美東村美仁樓地下  ,没有,没有
230,"
                    東匯村
                ","
22.332554
","
114.194129
",,,,,,黃大仙東匯村匯心樓地下  ,没有,没有
231,"
                    竹園邨銀行服務中心
                ","
22.3451755
","
114.1930406
",星期一至星期五: 9:00 – 17:00,星期六: 9:00 – 13:00,星期日和公眾假期: 休息, +852 3988 2388,,九龍竹園南邨竹園廣場G層S001A 號舖  ,有,有
232,"
                    鑽石山站
                ","
22.340170
","
114.200715
",,,,,,港鐵鑽石山站閘外DIH 105號舖  ,没有,没有
233,"
                    順天村
                ","
22.326656
","
114.225836
",,,,,,九龍觀塘順天村天瑤樓 2 樓空地 1 號 ATM  ,没有,没有
234,"
                    秀茂坪分行
                ","
22.319718
","
114.231833
",星期一至星期五: 9:00 – 17:00,星期六: 9:00 – 13:00,星期日和公眾假期: 休息, +852 3988 2388,,九龍秀茂坪商場214號  ,有,有
235,"
                    觀塘廣場分行
                ","
22.3114142
","
114.2259328
",星期一至星期五: 9:00 – 17:00,星期六: 9:00 – 13:00,星期日和公眾假期: 休息, +852 3988 2388,,九龍觀塘開源道68號觀塘廣場G1  ,有,有
236,"
                    輔仁街26號分行
                ","
22.3153835
","
114.2241094
",星期一至星期五: 9:00 – 17:00,星期六: 9:00 – 13:00,星期日和公眾假期: 休息, +852 3988 2388,,九龍觀塘輔仁街26-32號  ,有,有
237,"
                    牛頭角道169號分行
                ","
22.3234497
","
114.2162683
",星期一至星期五: 9:00 – 17:00,星期六: 9:00 – 13:00,星期日和公眾假期: 休息, +852 3988 2388,,九龍牛頭角道169號  ,有,有
238,"
                    德福廣場分行
                ","
22.323876
","
114.212698
",星期一至星期五: 9:00 – 17:00,星期六: 9:00 – 13:00,星期日和公眾假期: 休息, +852 3988 2388,,九龍灣偉業街 33 號德福廣場 P2-P7 號舖  ,有,有
239,"
                    翠屏邨分行
                ","
22.314777
","
114.229027
",星期一至星期五: 9:00 – 17:00,星期六: 9:00 – 13:00,星期日和公眾假期: 休息, +852 3988 2388,,九龍觀塘翠屏邨商場二樓116號  ,有,有
240,"
                    協和街分行
                ","
22.3172156
","
114.2266442
",星期一至星期五: 9:00 – 17:00,星期六: 9:00 – 13:00,星期日和公眾假期: 休息, +852 3988 2388,,九龍觀塘協和街195-197號  ,有,有
241,"
                    油塘分行
                ","
22.2950082
","
114.2390001
",星期一至星期五: 9:00 – 17:00,星期六: 9:00 – 13:00,星期日和公眾假期: 休息, +852 3988 2388,,九龍油塘中心嘉富商場G1-G27  ,有,有
242,"
                    藍田分行
                ","
22.3085751
","
114.2343209
",星期一至星期五: 9:00 – 17:00,星期六: 9:00 – 13:00,星期日和公眾假期: 休息, +852 3988 2388,,九龍藍田啟田道49號12號舖  ,有,有
243,"
                    九龍灣分行
                ","
22.322733
","
114.2109092
",星期一至星期五: 9:00 – 17:00,星期六: 9:00 – 13:00,星期日和公眾假期: 休息, +852 3988 2388,,九龍灣宏開道16號德福大廈2號  ,有,有
244,"
                    開源道分行
                ","
22.310686
","
114.2248
",星期一至星期五: 9:00 – 17:00,星期六: 9:00 – 13:00,星期日和公眾假期: 休息, +852 3988 2388,,九龍觀塘開源道55號  ,有,有
245,"
                    彩福村
                ","
22.32760615625934
","
114.21675592660904
",,,,,,觀塘彩福村彩喜樓1樓  ,没有,没有
246,"
                    觀塘牛頭角道分行
                ","
22.3149123
","
114.2222592
",星期一至星期五: 9:00 – 17:00,星期六: 9:00 – 13:00,星期日和公眾假期: 休息, +852 3988 2388,,九龍觀塘牛頭角道327號  ,没有,没有
247,"
                    宏冠道分行
                ","
22.322934
","
114.207937
",星期一至星期五: 9:00 – 17:00,星期六: 9:00 – 13:00,星期日和公眾假期: 休息, +852 3988 2388,,九龍九龍灣臨樂街19號南豐商業中心地下G1舖位  ,有,有
248,"
                    平田邨
                ","
22.3063718
","
114.2369506
",,,,,,九龍藍田平田商場2樓203A  ,没有,没有
249,"
                    港鐵九龍灣站
                ","
22.3234646
","
114.2139496
",,,,,,港鐵九龍灣站  ,没有,没有
250,"
                    港鐵藍田站
                ","
22.3065678
","
114.2329823
",,,,,,港鐵藍田站  ,没有,没有
251,"
                    港鐵牛頭角站
                ","
22.315558
","
114.2192512
",,,,,,港鐵牛頭角站  ,没有,没有
252,"
                    港鐵油塘站
                ","
22.297903
","
114.2371179
",,,,,,港鐵油塘站  ,没有,没有
253,"
                    九龍工商中心 (一)
                ","
22.322950
","
114.211094
",星期一至星期五: 9:00 – 17:00,星期六: 9:00 – 13:00,星期日和公眾假期: 休息,,, 九龍灣宏開道16號德福大廈607-610室,没有,没有
254,"
                    大本型
                ","
22.296236
","
114.238602
",,,,,,油塘大本型MTR層M07號鋪  ,没有,没有
255,"
                    秀茂坪(南)村
                ","
22.315313
","
114.234866
",,,,,,九龍秀茂坪(南)村秀善樓地下房村辦事處外面的公共地方ATM位置  ,没有,没有
256,"
                    樂華(北)村
                ","
22.321833
","
114.219908
",,,,,,九龍牛頭角振華路70號樂華 (北村) 商場3樓3號ATM  ,没有,没有
257,"
                    啟業商場
                ","
22.328840
","
114.209794
",,,,,,九龍觀塘道啟業商場啟賢樓地下自動櫃員機 2號  ,没有,没有
258,"
                    基督教聯合醫院
                ","
22.322202
","
114.227656
",,,,,,九龍觀塘協和街 130 號基督教聯合醫院S層地下  ,没有,没有
259,"
                    九巴九龍灣車廠
                ","
22.323692
","
114.206964
",,,,,,九龍灣臨華街1號九巴九龍灣車廠地下  ,没有,没有
260,"
                    安達商場
                ","
22.320997
","
114.234049
",,,,,,九龍觀塘安達臣道安達商場LG 15號舖  ,没有,没有
261,"
                    安泰邨銀行服務中心
                ","
22.326818
","
114.230332
",星期一至星期五: 13:00 – 17:00 (二及四),星期六: 休息,星期日和公眾假期: 休息, +852 3988 2388,,九龍觀塘安泰邨安泰商場UG樓106號舖  ,有,有
262,"
                    鯉魚門村
                ","
22.294661
","
114.240097
",,,,,,鯉魚門村一期升降機塔一樓近2號升降機  ,没有,没有
263,"
                    順利村
                ","
22.331055
","
114.226133
",,,,,,九龍觀塘利安道15號順利邨順利商場四樓 4號ATM  ,没有,没有
264,"
                    藍田村
                ","
22.310890
","
114.235985
",,,,,,藍田村藍碧樓地下  ,没有,没有
265,"
                    廣田村
                ","
22.303032
","
114.239967
",,,,,,九龍藍田碧雲道168號廣田邨廣田商場1樓3號ATM  ,没有,没有
266,"
                    彩霞村
                ","
22.326358
","
114.217451
",,,,,,九龍彩霞道18號彩霞邨停車場大樓平台(近4號室)  ,没有,没有
267,"
                    香港兒童醫院
                ","
22.315819
","
114.208831
",,,,,,九龍九龍灣承昌道一號香港兒童醫院B座地下  ,没有,没有
268,"
                    藍澄灣
                ","
22.343678
","
114.109823
",,,,,,新界青衣藍澄灣商場一樓鄰近18號商舖的空地  ,没有,没有
269,"
                    葵涌道分行
                ","
22.3682492
","
114.1338268
",星期一至星期五: 9:00 – 17:00,星期六: 9:00 – 13:00,星期日和公眾假期: 休息, +852 3988 2388,,新界葵涌道1009號  ,有,有
270,"
                    上葵涌分行
                ","
22.368389
","
114.1395255
",星期一至星期五: 9:00 – 17:00,星期六: 9:00 – 13:00,星期日和公眾假期: 休息, +852 3988 2388,,新界上葵涌石宜路7-11號  ,有,有
271,"
                    下葵涌分行
                ","
22.3592102
","
114.1277388
",星期一至星期五: 9:00 – 17:00,星期六: 9:00 – 13:00,星期日和公眾假期: 休息, +852 3988 2388,,新界葵涌興芳路192-194號  ,有,有
272,"
                    青衣長康商業中心分行
                ","
22.348817
","
114.105992
",星期一至星期五: 9:00 – 17:00,星期六: 9:00 – 13:00,星期日和公眾假期: 休息, +852 3988 2388,,新界青衣青康路12號長康邨第一商場地下102號舖  ,有,有
273,"
                    葵涌廣場分行
                ","
22.3583576
","
114.1280579
",星期一至星期五: 9:00 – 17:00,星期六: 9:00 – 13:00,星期日和公眾假期: 休息, +852 3988 2388,,新界葵涌葵富路7-11號葵涌廣場地下A18-20號  ,有,有
274,"
                    長發邨分行
                ","
22.362473
","
114.103329
",星期一至星期五: 9:00 – 17:00,星期六: 9:00 – 13:00,星期日和公眾假期: 休息, +852 3988 2388,,新界青衣長發邨長發廣場地下114D號舖  ,有,有
275,"
                    新都會廣場分行
                ","
22.357828
","
114.126907
",星期一至星期五: 9:00 – 17:00,星期六: 9:00 – 13:00,星期日和公眾假期: 休息, +852 3988 2388,,新界葵涌興芳路223號新都會廣場260-265號  ,有,有
276,"
                    葵昌路分行
                ","
22.3643975
","
114.1326785
",星期一至星期五: 9:00 – 17:00,星期六: 9:00 – 13:00,星期日和公眾假期: 休息, +852 3988 2388,,新界葵涌葵昌路40號  ,有,有
277,"
                    翠怡花園商場
                ","
22.352397736367983
","
114.1083812713623
",,,,,,新界青衣翠怡花園商場2期地下的公眾地方  ,没有,没有
278,"
                    和黃物流
                ","
22.340628921842708
","
114.12443161010742
",,,,,,葵涌貨櫃碼頭南路18號葵涌四號貨櫃碼頭和黃物流中心M1層  ,没有,没有
279,"
                    祖堯村
                ","
22.345583158173476
","
114.1285702586174
",,,,,,新界葵涌祖堯村一樓A座  ,没有,没有
280,"
                    青衣城分行
                ","
22.358476
","
114.106812
",星期一至星期五: 9:00 – 17:00,星期六: 9:00 – 13:00,星期日和公眾假期: 休息, +852 3988 2388,, 新界青衣島青衣城115號,有,有
281,"
                    港鐵葵興站
                ","
22.363279
","
114.1312033
",,,,,,港鐵葵興站  ,没有,没有
282,"
                    港鐵葵芳站
                ","
22.357013
","
114.1279571
",,,,,,港鐵葵芳站  ,没有,没有
283,"
                    港鐵荔景站
                ","
22.3483934
","
114.1261843
",,,,,,港鐵荔景站  ,没有,没有
284,"
                    港鐵大窩口站
                ","
22.3709389
","
114.1249245
",,,,,,港鐵大窩口站  ,没有,没有
285,"
                    港鐵青衣站
                ","
22.3585318
","
114.1069773
",,,,,,港鐵青衣站  ,没有,没有
286,"
                    葵芳商場
                ","
22.357963
","
114.129794
",,,,,,葵涌葵芳村葵芳商場一樓ATM No.2  ,没有,没有
287,"
                    盈暉薈
                ","
22.341838
","
114.137660
",,,,,,新界葵涌景荔徑8號盈暉薈2樓206號舖  ,没有,没有
288,"
                    葵涌商場
                ","
22.367554
","
114.127747
",,,,,,葵涌村葵涌商場101號商舖對面的公共地方ATM位置  ,没有,没有
289,"
                    石蔭商場
                ","
22.371545
","
114.138590
",,,,,,葵涌梨木道120號石蔭鸷石蔭商場LG1 層面對114號舖的公眾地方 1 號 ATM  ,没有,没有
290,"
                    新界工商中心 (二)
                ","
22.3579134
","
114.12667120000003
",星期一至星期五: 9:00 – 17:00,星期六: 9:00 – 13:00,星期日和公眾假期: 休息,,, 新界葵涌興芳路223號新都會廣場第一座13樓1316-1325室,没有,没有
291,"
                    嘉里物流
                ","
22.3633509
","
114.1209574
",,,,,,香港葵涌永基路 55 號嘉里貨運中心P1層  ,没有,没有
292,"
                    亞洲物流中心-順豐大廈
                ","
22.3344701
","
114.1114093
",,,,,,靑衣航運路 36 號亞洲物流中心-順豐大廈 9 樓  ,没有,没有
293,"
                    葵涌醫院
                ","
22.343399
","
114.133432
",,,,,,新界葵涌葵涌醫院路3-15號葵涌醫院 LM座 1樓  ,没有,没有
294,"
                    長康村
                ","
22.349830
","
114.098684
",,,,,,青衣青康路12號長康村長康商場第二期2樓202號舖  ,没有,没有
295,"
                    葵盛東村
                ","
22.364089
","
114.127071
",,,,,,葵涌葵盛東商場1樓 132號舖側自動櫃員機 3號  ,没有,没有
296,"
                    青衣城中銀理財中心
                ","
22.359341
","
114.108205
",星期一至星期五: 9:00 – 17:00,星期六: 9:00 – 13:00,星期日和公眾假期: 休息, +852 3988 2388,, 新界青衣青衣城3樓309A-B號舖,有,有
297,"
                    大窩口商場
                ","
22.368318
","
114.123764
",,,,,,葵涌大窩口商場二樓 ATM No.1 (近扶手電梯)  ,没有,没有
298,"
                    梨木樹分行
                ","
22.37828
","
114.136252
",星期一至星期五: 9:00 – 17:00,星期六: 9:00 – 13:00,星期日和公眾假期: 休息, +852 3988 2388,,新界荃灣梨木樹商場22號舖  ,有,没有
299,"
                    荃灣分行
                ","
22.3692165
","
114.1176854
",星期一至星期五: 9:00 – 17:00,星期六: 9:00 – 13:00,星期日和公眾假期: 休息, +852 3988 2388,,新界荃灣沙咀道297-299號  ,有,有
300,"
                    德士古道分行
                ","
22.3684658
","
114.1222013
",星期一至星期五: 9:00 – 17:00,星期六: 9:00 – 13:00,星期日和公眾假期: 休息, +852 3988 2388,,新界荃灣德士古道36號東亞花園A112號  ,有,有
301,"
                    深井分行
                ","
22.3677526
","
114.0606357
",星期一至星期五: 9:00 – 17:00,星期六: 9:00 – 13:00,星期日和公眾假期: 休息, +852 3988 2388,,新界深井海韻花園商場G1及G2  ,有,有
302,"
                    祈德尊新邨分行
                ","
22.3702519
","
114.1111231
",星期一至星期五: 9:00 – 17:00,星期六: 9:00 – 13:00,星期日和公眾假期: 休息, +852 3988 2388,,新界荃灣海盛路24號祈德尊新邨商場1-3號  ,有,有
303,"
                    荃新天地分行
                ","
22.37031511271987
","
114.11455437541008
",星期一至星期五: 9:00 – 17:00,星期六: 9:00 – 13:00,星期日和公眾假期: 休息, +852 3988 2388,,新界荃灣楊屋道1號荃新天地地下65及67-69號舖  ,有,有
304,"
                    荃灣青山道分行
                ","
22.372516410313647
","
114.11761812865734
",星期一至星期五: 9:00 – 17:00,星期六: 9:00 – 13:00,星期日和公眾假期: 休息, +852 3988 2388,,新界荃灣青山公路荃灣段 201-207 號新青大廈地下及一樓  ,有,有
305,"
                    荃灣青山道中銀理財中心
                ","
22.371696
","
114.118722
",星期一至星期五: 9:00 – 17:00,星期六: 9:00 – 13:00,星期日和公眾假期: 休息, +852 3988 2388,, 新界荃灣青山公路荃灣段167號昌耀大廈地下1號舖,有,有
306,"
                    香港港安醫院-荃灣
                ","
22.376485
","
114.103961
",,,,,,新界荃灣荃景圍199號香港港安醫院-荃灣主樓地下  ,没有,没有
307,"
                    港鐵荃灣站
                ","
22.3736528
","
114.1178631
",,,,,,港鐵荃灣站  ,没有,没有
308,"
                    西鐵荃灣西站
                ","
22.3687467
","
114.109761
",,,,,,西鐵荃灣西站  ,没有,没有
309,"
                    綠楊坊
                ","
22.372795
","
114.119739
",,,,,,荃灣綠楊坊地下G33號舖  ,没有,没有
310,"
                    海濱花園
                ","
22.363177
","
114.114413
",,,,,,荃灣海濱花園平台A120號舖旁位置  ,没有,没有
311,"
                    愉景新城自助銀行中心
                ","
22.3754075
","
114.111817
",,,,,,荃灣青山道398號愉景新城2033舖  ,没有,没有
312,"
                    仁濟醫院
                ","
22.369733
","
114.119618
",,,,,,新界荃灣仁濟街 7-11 號仁濟醫院C座地下  ,没有,没有
313,"
                    象山村
                ","
22.378594
","
114.130111
",,,,,,象山邨象山商業中心3樓空地ATM 2位置  ,没有,没有
314,"
                    新界南總區警察總部
                ","
22.371156202336785
","
114.12287988395086
",,,,,,新界荃灣城門道8號新界南總區警察總部地下樓層  ,没有,没有
315,"
                    建榮街分行
                ","
22.3965773
","
113.9696676
",星期一至星期五: 9:00 – 17:00,星期六: 9:00 – 13:00,星期日和公眾假期: 休息, +852 3988 2388,,新界屯門建榮街24-30號  ,有,有
316,"
                    屯門花園分行
                ","
22.38915624
","
113.97885264
",星期一至星期五: 9:00 – 17:00,星期六: 9:00 – 13:00,星期日和公眾假期: 休息, +852 3988 2388,,新界屯門青海圍6號G及H舖  ,有,有
317,"
                    屯門新墟分行
                ","
22.3981173
","
113.9752638
",星期一至星期五: 9:00 – 17:00,星期六: 9:00 – 13:00,星期日和公眾假期: 休息, +852 3988 2388,,新界屯門鄉事會路雅都花園商場G13-14號  ,有,有
318,"
                    海麗花園分行
                ","
22.4076974
","
113.9686237
",星期一至星期五: 9:00 – 17:00,星期六: 9:00 – 13:00,星期日和公眾假期: 休息, +852 3988 2388,,新界屯門良德街海麗花園商場地下13-15號  ,有,有
319,"
                    蝴蝶邨分行
                ","
22.3748377
","
113.9627741
",星期一至星期五: 9:00 – 17:00,星期六: 9:00 – 13:00,星期日和公眾假期: 休息, +852 3988 2388,,新界屯門蝴蝶廣場地下 R156 - R164號  ,有,有
320,"
                    良景邨分行
                ","
22.406358
","
113.962805
",星期一至星期五: 9:00 – 17:00,星期六: 9:00 – 13:00,星期日和公眾假期: 休息, +852 3988 2388,,新界屯門田景路31號良景邨良景廣場L2層L221及L222號  ,有,有
321,"
                    屯門中銀理財中心
                ","
22.393254
","
113.975940
",星期一至星期五: 9:00 – 17:00,星期六: 9:00 – 13:00,星期日和公眾假期: 休息, +852 3988 2388,, 新界屯門時代廣場商場北翼第一層 5號,没有,没有
322,"
                    屯門市廣場分行
                ","
22.393804
","
113.976071
",星期一至星期五: 9:00 – 17:00,星期六: 9:00 – 13:00,星期日和公眾假期: 休息, +852 3988 2388,,新界屯門市廣場第二期商場2號  ,有,有
323,"
                    海典軒
                ","
22.383721
","
113.971423
",,,,,,屯門海珠路2號海典軒地下  ,没有,没有
324,"
                    山景商場
                ","
22.396663
","
113.965815
",,,,,,新界屯門嗚琴路一號山景商場地下1號ATM位置  ,没有,没有
325,"
                    富泰邨
                ","
22.413899
","
113.983378
",,,,,,新界屯門屯貴路9號富泰邨富泰商場地下4號舖  ,没有,没有
326,"
                    西鐵兆康站
                ","
22.4120875
","
113.9783114
",,,,,,西鐵兆康站  ,没有,没有
327,"
                    西鐵屯門站
                ","
22.3939871
","
113.9724986
",,,,,,港鐵西鐵線屯門站TUM 21舖 (設有語音導航自動櫃員機)  ,没有,没有
328,"
                    兆康商場
                ","
22.412426
","
113.978032
",,,,,,屯門兆康苑兆康商場一樓213號舖  ,没有,没有
329,"
                    大興商場
                ","
22.399414
","
113.971944
",,,,,,大興村大興商場1期地下1號ATM  ,没有,没有
330,"
                    屯門H.A.N.D.S
                ","
22.3876644
","
113.9751923
",,,,,,新界屯門友愛路友愛邨「H.A.N.D.S」商場S 區地下(又稱 L1) ATM No.2  ,没有,没有
331,"
                    屯門醫院 (2/F)
                ","
22.410162
","
113.975861
",,,,,,新界屯門青松觀路23號屯門醫院 2樓康復大樓大堂  ,没有,没有
332,"
                    青山醫院
                ","
22.409073
","
113.973001
",,,,,,新界屯門青松觀路 15 號青山醫院C座G31室地下  ,没有,没有
333,"
                    屯門醫院 (地下大堂)
                ","
22.407223
","
113.976148
",,,,,,新界屯門青松觀路23號屯門醫院主座地下大堂  ,没有,没有
334,"
                    三聖村
                ","
22.380725
","
113.978288
",,,,,,香港新界屯門三聖街6號三聖村三聖商場F2樓2號櫃員機  ,没有,没有
335,"
                    龍逸村
                ","
22.386774
","
113.968187
",,,,,,屯門龍逸村康龍樓地下近屋村辦事處  ,没有,没有
336,"
                    天晴村ATM中心
                ","
22.463090964657866
","
114.00335669517517
",,,,,,天水圍天晴村晴雲樓地下空置地方ATM位置  ,没有,没有
337,"
                    教育路分行
                ","
22.4430091
","
114.0279004
",星期一至星期五: 9:00 – 17:00,星期六: 9:00 – 13:00,星期日和公眾假期: 休息, +852 3988 2388,,新界元朗教育路18-24號  ,有,有
338,"
                    元朗分行
                ","
22.444271
","
114.029011
",星期一至星期五: 9:00 – 17:00,星期六: 9:00 – 13:00,星期日和公眾假期: 休息, +852 3988 2388,,新界元朗青山公路102-108號  ,有,有
339,"
                    天瑞邨分行
                ","
22.45620496857529
","
113.99847507476807
",星期一至星期五: 9:00 – 17:00,星期六: 9:00 – 13:00,星期日和公眾假期: 休息, +852 3988 2388,,新界天水圍天瑞商場地下G30號  ,有,有
340,"
                    天水圍分行
                ","
22.458037
","
114.002785
",星期一至星期五: 9:00 – 17:00,星期六: 9:00 – 13:00,星期日和公眾假期: 休息, +852 3988 2388,,新界元朗天水圍天恩路12-18號嘉湖(一期)地下 G65號舖  ,有,有
341,"
                    元朗青山道分行
                ","
22.4443773
","
114.0270782
",星期一至星期五: 9:00 – 17:00,星期六: 9:00 – 13:00,星期日和公眾假期: 休息, +852 3988 2388,,新界元朗青山公路162號  ,有,有
342,"
                    元朗恒發樓分行
                ","
22.4443379
","
114.0317002
",星期一至星期五: 9:00 – 17:00,星期六: 9:00 – 13:00,星期日和公眾假期: 休息, +852 3988 2388,,新界元朗青山公路8-18號  ,有,有
343,"
                    西鐵錦上路站
                ","
22.4350295
","
114.0633911
",,,,,,西鐵錦上路站  ,没有,没有
344,"
                    洪水橋
                ","
22.4338635
","
113.9968609
",,,,,,新界元朗洪水橋洪堤路8號雅珊園1樓76號舖  ,没有,没有
345,"
                    西鐵元朗站
                ","
22.4461076
","
114.0347266
",,,,,,西鐵元朗站  ,没有,没有
346,"
                    西鐵天水圍站
                ","
22.4495854
","
114.0061797
",,,,,,西鐵天水圍站  ,没有,没有
347,"
                    西鐵朗屏站
                ","
22.4477415
","
114.02546
",,,,,,西鐵朗屏站  ,没有,没有
348,"
                    錦繡花園
                ","
22.477497
","
114.045017
",,,,,,新界元朗錦繡花園市中心E座地下6號A舖  ,没有,没有
349,"
                    錦田
                ","
22.441220
","
114.068224
",,,,,,"新界元朗錦田永隆圍 lot no.14 D.D.109, 3號地下  ",没有,没有
350,"
                    天澤商場
                ","
22.468346
","
113.998672
",,,,,,天水圍天瑞路71、73、75及77號天澤邨天澤商場1樓7號ATM  ,没有,没有
351,"
                    頌富廣場
                ","
22.462237
","
113.997882
",,,,,,元朗天水圍頌富廣場一期二樓L218A號舖  ,没有,没有
352,"
                    博愛醫院
                ","
22.445515
","
114.041822
",,,,,,新界元朗坳頭博愛醫院地下大堂  ,没有,没有
353,"
                    石崗村軍營
                ","
22.425284
","
114.107548
",,,,,,石崗村軍營 - 元朗錦田荃錦公路  ,没有,没有
354,"
                    新田軍營
                ","
22.496817
","
114.079102
",,,,,,新田軍營 - 元朗新田公路  ,没有,没有
355,"
                    天水圍醫院
                ","
22.458691
","
113.996296
",,,,,,新界天水圍天壇街11號天水圍醫院地下  ,没有,没有
356,"
                    新田購物城
                ","
22.502202
","
114.079640
",,,,,,元朗新田新田村路300號新田購物城K4部份舖位  ,没有,没有
357,"
                    石崗軍營
                ","
22.437650
","
114.098880
",,,,,,新界元朗區石崗錦田公路260號石崗軍營  ,没有,没有
358,"
                    潭尾軍營
                ","
22.479217
","
114.061870
",,,,,,新界元朗潭尾牛潭尾路48號潭尾軍營  ,没有,没有
359,"
                    大棠道
                ","
22.4432189
","
114.0289251
",,,,,,新界元朗大棠道23號合益廣場一字樓A135及A136部份舖位  ,没有,没有
360,"
                    花都廣場分行
                ","
22.485459
","
114.141243
",星期一至星期五: 9:00 – 17:00,星期六: 9:00 – 13:00,星期日和公眾假期: 休息, +852 3988 2388,,新界粉嶺百和路88號花都廣場28號  ,有,有
361,"
                    上水分行
                ","
22.504783
","
114.1271462
",星期一至星期五: 9:00 – 17:00,星期六: 9:00 – 13:00,星期日和公眾假期: 休息, +852 3988 2388,,新界上水新豐路61號  ,有,有
362,"
                    彩園廣場分行
                ","
22.500825
","
114.126296
",星期一至星期五: 9:00 – 17:00,星期六: 9:00 – 13:00,星期日和公眾假期: 休息, +852 3988 2388,,新界上水彩園廣場三樓R9-10號  ,有,有
363,"
                    沙頭角分行
                ","
22.5464161
","
114.2241331
",星期一至星期五: 9:00 – 17:00,星期六: 9:00 – 13:00,星期日和公眾假期: 休息, +852 3988 2388,,新界沙頭角沙頭角邨16-18座  ,有,有
364,"
                    聯和墟分行
                ","
22.4985767
","
114.1423926
",星期一至星期五: 9:00 – 17:00,星期六: 9:00 – 13:00,星期日和公眾假期: 休息, +852 3988 2388,,新界粉嶺聯和墟和豐街17-19號  ,有,有
365,"
                    粉嶺中心分行
                ","
22.4912966
","
114.1414928
",星期一至星期五: 9:00 – 17:00,星期六: 9:00 – 13:00,星期日和公眾假期: 休息, +852 3988 2388,,新界粉嶺中心2D-E及H號  ,有,有
366,"
                    上水中心分行
                ","
22.501096
","
114.129489
",星期一至星期五: 9:00 – 17:00,星期六: 9:00 – 13:00,星期日和公眾假期: 休息, +852 3988 2388,,新界上水上水中心第一層1005-1009號  ,有,有
367,"
                    嘉福商場
                ","
22.493317875646802
","
114.13575053215027
",,,,,,新界粉嶺嘉福商場地下  ,没有,没有
368,"
                    聯和墟分行保管箱服務中心
                ","
22.498650148728977
","
114.1423212736845
",星期一至星期五: 9:00 – 17:00,星期六: 9:00 – 13:00,星期日和公眾假期: 休息, +852 3988 2388,,新界粉嶺聯和墟聯盛街10-16號B舖  ,有,有
369,"
                    上水銀行服務中心
                ","
22.5033043
","
114.1266542
",星期一至星期五: 9:00 – 17:00,星期六: 休息,星期日和公眾假期: 休息, +852 3988 2388,,新界上水新豐路136號  ,有,有
370,"
                    東鐵上水站
                ","
22.501877167576904
","
114.12732034921646
",,,,,,港鐵上水站付款大堂SHS 6號舖  ,没有,没有
371,"
                    清河村
                ","
22.4943
","
114.127195
",,,,,,上水清河村清譽樓附翼地下空地ATM位置  ,没有,没有
372,"
                    東鐵羅湖站
                ","
22.5289987
","
114.1130299
",,,,,,東鐵羅湖站  ,没有,没有
373,"
                    東鐵太和站
                ","
22.4509989
","
114.1611966
",,,,,,東鐵太和站  ,没有,没有
374,"
                    東鐵粉嶺站
                ","
22.4919945
","
114.1389248
",,,,,,東鐵粉嶺站  ,没有,没有
375,"
                    東鐵落馬洲站
                ","
22.5152125
","
114.0645618
",,,,,,東鐵落馬洲站  ,没有,没有
376,"
                    雍盛苑
                ","
22.482584
","
114.138579
",,,,,,粉嶺華明路22號雍盛苑商場地下ATM2號位  ,没有,没有
377,"
                    新圍軍營
                ","
22.507355
","
114.153172
",,,,,,新圍軍營 - 沙頭角公路龍躍頭段  ,没有,没有
378,"
                    北區醫院
                ","
22.496649
","
114.124448
",,,,,,新界上水保健路 9 號北區醫院主樓地下  ,没有,没有
379,"
                    天平村
                ","
22.2893313
","
113.9494272
",,,,,,香港新界上水天平路48號天平村天平商場地下3號ATM位置  ,没有,没有
380,"
                    廣福道分行
                ","
22.44893147
","
114.16603773
",星期一至星期五: 9:00 – 17:00,星期六: 9:00 – 13:00,星期日和公眾假期: 休息, +852 3988 2388,,新界大埔墟廣福道40-50號  ,有,有
381,"
                    安慈路分行
                ","
22.4528903
","
114.167976
",星期一至星期五: 9:00 – 17:00,星期六: 9:00 – 13:00,星期日和公眾假期: 休息, +852 3988 2388,,新界大埔安慈路3號翠屏花園地下10號舖  ,有,有
382,"
                    富善邨銀行服務中心
                ","
22.453706
","
114.174439
",星期一至星期五: 9:00 – 17:00,星期六: 9:00 – 13:00,星期日和公眾假期: 休息, +852 3988 2388,,新界大埔富善邨商場G11號  ,有,有
383,"
                    大埔分行
                ","
22.4479003
","
114.1662729
",星期一至星期五: 9:00 – 17:00,星期六: 9:00 – 13:00,星期日和公眾假期: 休息, +852 3988 2388,,新界大埔墟寶鄉街68-70號  ,有,有
384,"
                    大埔廣場分行
                ","
22.452502
","
114.1706796
",星期一至星期五: 9:00 – 17:00,星期六: 9:00 – 13:00,星期日和公眾假期: 休息, +852 3988 2388,,新界大埔安泰路1號大埔廣場地下商場4號  ,有,有
385,"
                    富亨邨分行
                ","
22.458164
","
114.172146
",星期一至星期五: 9:00 – 17:00,星期六: 9:00 – 13:00,星期日和公眾假期: 休息, +852 3988 2388,,新界大埔富亨邨商場1-2號  ,有,有
386,"
                    大元村
                ","
22.45417727746306
","
114.16803359985352
",,,,,,新界大埔汀角路10號大元街市地下411號單位  ,没有,没有
387,"
                    東鐵大埔墟站
                ","
22.4446918
","
114.1703949
",,,,,,東鐵大埔墟站  ,没有,没有
388,"
                    新界工商中心 (一)
                ","
22.447900
","
114.166272
",星期一至星期五: 9:00 – 17:00,星期六: 9:00 – 13:00,星期日和公眾假期: 休息,,, 新界大埔墟寶鄉街68-70號4樓,没有,没有
389,"
                    大埔超級城
                ","
22.451487
","
114.170132
",,,,,,新界大埔大埔超級城D區一樓OS-9號位置  ,没有,没有
390,"
                    逸瓏灣
                ","
22.431234
","
114.204467
",,,,,,大埔科進路21號逸瓏灣商場LG/F ATM點  ,没有,没有
391,"
                    太和廣場
                ","
22.450635
","
114.160788
",,,,,,新界大埔太和路12號太和廣場東翼L1樓自動櫃員機 4號  ,没有,没有
392,"
                    雅麗氏何妙齡那打素醫院
                ","
22.458535
","
114.175390
",,,,,,新界大埔全安路 11 號雅麗氏何妙齡那打素醫院A座地下  ,没有,没有
393,"
                    新界北總區警察總部
                ","
22.452059590661705
","
114.17324279785235
",,,,,,新界大埔安埔里6號新界北總區警察總部(地下北翼)  ,没有,没有
394,"
                    隆亨邨分行
                ","
22.368046
","
114.179612
",星期一至星期五: 9:00 – 17:00,星期六: 9:00 – 13:00,星期日和公眾假期: 休息, +852 3988 2388,,新界沙田隆亨邨商場103號  ,有,有
395,"
                    恆安邨分行
                ","
22.416753
","
114.227721
",星期一至星期五: 9:00 – 17:00,星期六: 9:00 – 13:00,星期日和公眾假期: 休息, +852 3988 2388,,新界沙田恆安邨恆安商場2樓203號舖  ,有,有
396,"
                    沙田第一城分行
                ","
22.387066
","
114.202905
",星期一至星期五: 9:00 – 17:00,星期六: 9:00 – 13:00,星期日和公眾假期: 休息, +852 3988 2388,,新界沙田銀城街2號置富第一城樂薈地下24-25號  ,有,有
397,"
                    大圍分行
                ","
22.3744989
","
114.1781553
",星期一至星期五: 9:00 – 17:00,星期六: 9:00 – 13:00,星期日和公眾假期: 休息, +852 3988 2388,,新界沙田大圍道74-76號  ,有,有
398,"
                    瀝源銀行服務中心
                ","
22.3853785
","
114.19196
",星期一至星期五: 9:00 – 17:00,星期六: 9:00 – 13:00,星期日和公眾假期: 休息, +852 3988 2388,,新界沙田瀝源街6號瀝源邨福海樓地下2-3號舖及F2層  ,有,有
399,"
                    火炭分行
                ","
22.397241
","
114.193418
",星期一至星期五: 9:00 – 17:00,星期六: 9:00 – 13:00,星期日和公眾假期: 休息, +852 3988 2388,,新界沙田山尾街18-24號沙田商業中心1樓B1-1A及B2A-C號舖  ,有,有
400,"
                    新城市廣場分行
                ","
22.381852
","
114.187907
",星期一至星期五: 9:00 – 17:00,星期六: 9:00 – 13:00,星期日和公眾假期: 休息, +852 3988 2388,,新界沙田新城市廣場第一期六樓608號  ,有,有
401,"
                    沙角邨分行
                ","
22.37779
","
114.194261
",星期一至星期五: 9:00 – 17:00,星期六: 9:00 – 13:00,星期日和公眾假期: 休息, +852 3988 2388,,新界沙田沙角邨商場39號  ,有,有
402,"
                    馬鞍山廣場分行
                ","
22.425581
","
114.232052
",星期一至星期五: 9:00 – 17:00,星期六: 9:00 – 13:00,星期日和公眾假期: 休息, +852 3988 2388,,新界馬鞍山西沙路馬鞍山廣場L2層2103號  ,有,有
403,"
                    沙田中銀理財中心
                ","
22.3827104
","
114.1890836
",星期一至星期五: 9:00 – 17:00,星期六: 9:00 – 13:00,星期日和公眾假期: 休息, +852 3988 2388,, 新界沙田沙田廣場L1層18號,没有,没有
404,"
                    沙田分行
                ","
22.3833255
","
114.1898673
",星期一至星期五: 9:00 – 17:00,星期六: 9:00 – 13:00,星期日和公眾假期: 休息, +852 3988 2388,,新界沙田橫壆街 1-15 號好運中心地下 20 號舖  ,有,有
405,"
                    碩門村
                ","
22.38689467775278
","
114.20916259288788
",,,,,,沙田碩門村健碩樓地下  ,没有,没有
406,"
                    銀禧花園
                ","
22.397958
","
114.200282
",,,,,,火炭樂景街2-18號銀禧花園商場2樓  ,没有,没有
407,"
                    東鐵大學站
                ","
22.413378
","
114.2100038
",,,,,,東鐵大學站  ,没有,没有
408,"
                    馬鐵大水坑站
                ","
22.4079662
","
114.2225562
",,,,,,馬鐵大水坑站  ,没有,没有
409,"
                    科學園銀行服務中心
                ","
22.426962
","
114.210990
",星期一至星期五: 11:00 – 19:00,星期六: 休息,星期日和公眾假期: 休息, +852 3988 2388,, 新界沙田科學園科技大道西10號浚湖樓地下S041B,有,有
410,"
                    富寶花園
                ","
22.424006
","
114.237438
",,,,,,新界馬鞍山錦英路6號富寶花園商場一樓  ,没有,没有
411,"
                    沙田馬場 (會員席)
                ","
22.400992
","
114.205178
",,,,,,沙田馬場 - 會員席正門入口  ,没有,没有
412,"
                    沙田馬場 (公眾席)
                ","
22.400992
","
114.205178
",,,,,,沙田馬場 - 第二座大看台一樓  ,没有,没有
413,"
                    馬鐵車公廟站
                ","
22.3748005
","
114.1861067
",,,,,,馬鐵車公廟站  ,没有,没有
414,"
                    馬鐵恒安站
                ","
22.4181164
","
114.2259521
",,,,,,馬鐵恒安站  ,没有,没有
415,"
                    馬鐵烏溪沙站
                ","
22.4292713
","
114.2440546
",,,,,,馬鐵烏溪沙站  ,没有,没有
416,"
                    馬鐵石門站
                ","
22.3879694
","
114.2092057
",,,,,,馬鐵石門站  ,没有,没有
417,"
                    馬鐵大圍站
                ","
22.3729071
","
114.1784965
",,,,,,港鐵大圍站付款大堂35號舖  ,没有,没有
418,"
                    馬鐵沙田圍站
                ","
22.3771576
","
114.1951337
",,,,,,馬鐵線沙田圍站付款大堂3號舖  ,没有,没有
419,"
                    馬鐵第一城站
                ","
22.3830159
","
114.2035163
",,,,,,馬鐵線第一城站付款大堂4號舖  ,没有,没有
420,"
                    馬鐵馬鞍山站
                ","
22.42548
","
114.231057
",,,,,,馬鐵馬鞍山站  ,没有,没有
421,"
                    沙田馬場(內地客戶區域)
                ","
22.400570
","
114.204192
",,,,,,沙田馬場6樓公眾包廂席2號看台  ,没有,没有
422,"
                    美林商場
                ","
22.378129
","
114.176056
",,,,,,沙田大圍美林村美林商場一樓ATM No.1 (近郵政局的公眾地方)  ,没有,没有
423,"
                    仁安醫院
                ","
22.360463
","
114.175274
",,,,,,新界大圍富健街18號  ,没有,没有
424,"
                    富安花園
                ","
22.405011
","
114.223258
",,,,,,沙田恒信街2號富安花園地下2C舖  ,没有,没有
425,"
                    禾輋商場
                ","
22.388090
","
114.194997
",,,,,,沙田德厚街3號禾輋邨禾輋商場二樓5號ATM  ,没有,没有
426,"
                    頌安商場
                ","
22.42217
","
114.22662
",,,,,,沙田馬鞍山西沙路頌安邨頌安商場1樓ATM No.4  ,没有,没有
427,"
                    博康村
                ","
22.375618
","
114.193299
",,,,,,新界沙田博康村博康商埸125號舖  ,没有,没有
428,"
                    沙田馬塲公眾席(內地客戶區域)
                ","
22.4005805
","
114.204742
",,,,,,沙田馬場- 第二座看台2樓  ,没有,没有
429,"
                    新翠商場
                ","
22.369142
","
114.181661
",,,,,,大圍翠田街2號新翠村新翠商場地下 ATM No.1  ,没有,没有
430,"
                    大圍中銀理財中心
                ","
22.3753545
","
114.1773595
",星期一至星期五: 9:00 – 17:00,星期六: 9:00 – 13:00,星期日和公眾假期: 休息, +852 3988 2388,, 新界沙田大圍道 37- 47 號,有,有
431,"
                    水泉澳廣場自助銀行中心
                ","
22.373487
","
114.197573
",,,,,,新界沙田博泉街1號水泉澳邨水泉澳廣場2樓208號舖  ,没有,没有
432,"
                    威爾斯親王醫院 (1樓)
                ","
22.380785
","
114.202620
",,,,,,新界沙田銀城街 30-32 號威爾斯親王醫院 1樓住院主樓暨創傷中心  ,没有,没有
433,"
                    威爾斯親王醫院 (2樓)
                ","
22.379380
","
114.200995
",,,,,,新界沙田銀城街 30-32 號威爾斯親王醫院2樓主樓  ,没有,没有
434,"
                    富豪花園
                ","
22.384883
","
114.198665
",,,,,,香港新界沙田大涌橋路52號富豪花園L1層  ,没有,没有
435,"
                    新田圍村
                ","
22.370666
","
114.186058
",,,,,,新界沙田沙田頭路29號新田圍邨新田圍商場5樓2號自動櫃員機  ,没有,没有
436,"
                    欣安邨
                ","
22.414614
","
114.225477
",,,,,,沙田欣安邨欣喜樓地下空地  ,没有,没有
437,"
                    顯徑站
                ","
22.363884
","
114.170809
",,,,,,港鐵顯徑站閘外HIK 2號舖  ,没有,没有
438,"
                    西貢分行
                ","
22.382761
","
114.27169
",星期一至星期五: 9:00 – 17:00,星期六: 9:00 – 13:00,星期日和公眾假期: 休息, +852 3988 2388,,新界西貢福民路22-40號西貢苑56及58號  ,有,有
439,"
                    新都城分行
                ","
22.321438
","
114.257577
",星期一至星期五: 9:00 – 17:00,星期六: 9:00 – 13:00,星期日和公眾假期: 休息, +852 3988 2388,,新界將軍澳新都城一期二樓209號  ,有,有
440,"
                    將軍澳廣場分行
                ","
22.307886
","
114.2624365
",星期一至星期五: 9:00 – 17:00,星期六: 9:00 – 13:00,星期日和公眾假期: 休息, +852 3988 2388,,新界將軍澳將軍澳廣場L1層112-125號  ,有,有
441,"
                    東港城分行
                ","
22.316054
","
114.265478
",星期一至星期五: 9:00 – 17:00,星期六: 9:00 – 13:00,星期日和公眾假期: 休息, +852 3988 2388,,新界將軍澳重華路8號東港城2樓217 D-E號  ,有,有
442,"
                    香港科技大學分行
                ","
22.337443
","
114.263498
",星期一至星期五: 9:00 – 17:00,星期六: 休息,星期日和公眾假期: 休息, +852 3988 2388,,新界清水灣道香港科技大學  ,有,有
443,"
                    港鐵寶琳站自助銀行中心
                ","
22.3228576
","
114.2577732
",,,,,,港鐵寶琳站非付款大堂POA 8號舖  ,没有,没有
444,"
                    港鐵將軍澳自助銀行中心
                ","
22.3074394
","
114.2598617
",,,,,,港鐵將軍澳站非付款大堂TKO 8號舖  ,没有,没有
445,"
                    港鐵坑口站
                ","
22.3157373
","
114.2643617
",,,,,,港鐵坑口站  ,没有,没有
446,"
                    寶林邨
                ","
22.325245
","
114.255891
",,,,,,將寶澳寶林邨寶林商場中心106號舖  ,没有,没有
447,"
                    翠林邨
                ","
22.3229
","
114.248978
",,,,,,新界將軍澳翠林邨翠林商場5樓134號舖  ,没有,没有
448,"
                    香港科技大學
                ","
22.337443
","
114.263498
",,,,,,新界清水灣道香港科技大學學術廊入口  ,没有,没有
449,"
                    港鐵康城站
                ","
22.2947607
","
114.2685167
",,,,,,港鐵康城站  ,没有,没有
450,"
                    科技大學李兆基商學院大樓
                ","
22.3348664
","
114.2641663
",,,,,,新界清水灣道香港科技大學李兆基商學院大樓地下樓層  ,没有,没有
451,"
                    彩明商場
                ","
22.3059715
","
114.2513179
",,,,,,新界將軍澳調景嶺彩明街1號彩明商場地下5號櫃員機  ,没有,没有
452,"
                    將軍澳醫院
                ","
22.317884
","
114.269864
",,,,,,將軍澳坑口寶寧里 2 號將軍澳醫院主樓地下  ,没有,没有
453,"
                    靈實醫院
                ","
22.313980
","
114.256257
",,,,,,九龍將軍澳靈實路 8 號靈實醫院地下  ,没有,没有
454,"
                    善明邨
                ","
22.303788
","
114.250277
",,,,,,將軍澳善明邨善智樓地下  ,没有,没有
455,"
                    都會駅商場
                ","
22.305091
","
114.251869
",,,,,,新界將軍澳都會駅商場 2樓 L2-063號舖  ,没有,没有
456,"
                    日出康城銀行服務中心
                ","
22.295125
","
114.269677
",星期一至星期五: 9:00 – 17:00,星期六: 9:00 – 13:00,星期日和公眾假期: 休息, +852 3988 2388,,新界將軍澳康城路1號The LOHAS 康城4樓413號舖  ,有,有
457,"
                    長洲分行
                ","
22.2067038
","
114.0285933
",星期一至星期五: 9:00 – 17:00,星期六: 9:00 – 13:00,星期日和公眾假期: 休息, +852 3988 2388,,長洲大新街53-55號  ,有,有
458,"
                    逸東村
                ","
22.279911
","
113.935797
",,,,,,新界東涌逸東街8號逸東村逸東商場一樓  ,没有,没有
459,"
                    映灣園
                ","
22.293588
","
113.95142
",,,,,,新界東涌映灣園一樓  ,没有,没有
460,"
                    港鐵東涌站
                ","
22.2894283
","
113.9413878
",,,,,,港鐵東涌站  ,没有,没有
461,"
                    超級一號貨站
                ","
22.29772350792189
","
113.92929017543793
",,,,,,赤鱲角超級一號貨站地下南門 (即升降機大堂)  ,没有,没有
462,"
                    國泰城
                ","
22.2980015
","
113.9331485
",,,,,,香港國際機場觀景路8號國泰城中座1樓  ,没有,没有
463,"
                    國際航空貨運中心
                ","
22.297177
","
113.928995
",,,,,,赤鱲角香港國際機場駿運路3號國泰航空貨運站3樓  ,没有,没有
464,"
                    愉景灣銀行服務中心
                ","
22.29554
","
114.0166
",星期一至星期五: 10:00 – 18:00,星期六: 10:00 – 13:00,星期日和公眾假期: 休息, +852 3988 2388,,新界大嶼山愉景灣愉景廣場C座地下G28號舖  ,有,没有
465,"
                    香港國際機場(5G086B)
                ","
22.315901
","
113.936618
",,,,,,赤鱲角香港國際機場第5層抵港層 5G086B (附設人民幣提現服務)  ,没有,没有
466,"
                    香港國際機場(6W002)
                ","
22.313460
","
113.926816
",,,,,,赤鱲角香港國際機場第6層離港層 6W002 (附設人民幣提現服務)  ,没有,没有
467,"
                    香港國際機場(5T099E)
                ","
22.315790
","
113.933392
",,,,,,赤鱲角香港國際機場第5層抵港層 5T099E (附設人民幣提現服務)  ,没有,没有
468,"
                    香港國際機場(5E002)
                ","
22.315181
","
113.933588
",,,,,,赤鱲角香港國際機場第5層抵港層 5E002 (附設人民幣提現服務)  ,没有,没有
469,"
                    香港國際機場(6E185A)
                ","
22.315065
","
113.933323
",,,,,,赤鱲角香港國際機場 6E185A  ,没有,没有
470,"
                    香港國際機場 (5T960)
                ","
22.314827
","
113.933471
",,,,,,赤鱲角香港國際機場5T960  ,没有,没有
471,"
                    北大嶼山醫院
                ","
22.282037
","
113.940172
",,,,,,東涌松仁路8號北大嶼山醫院 1樓  ,没有,没有
472,"
                    香港國際機場(6MC014) Midfield
                ","
22.312767
","
113.926841
",,,,,,赤鱲角香港國際機場 6MC014 Midfield (附設人民幣提現服務)  ,没有,没有
473,"
                    機場暢達路分行
                ","
22.319093
","
113.934294
",星期一至星期五: 9:00 – 17:00,星期六: 9:00 – 13:00,星期日和公眾假期: 休息, +852 3988 2388,,香港赤鱲角暢達路9號富豪機場酒店地下G03A號舖  ,有,有
474,"
                    港珠澳大橋香港口岸[抵港層]
                ","
22.318325
","
113.951351
",,,,,,香港大嶼山港珠澳大橋香港口岸 33號順暉路旅檢大樓地下 314號舖  ,没有,没有
475,"
                    港珠澳大橋香港口岸[離港層]
                ","
22.318282
","
113.951292
",,,,,,香港大嶼山港珠澳大橋香港口岸 33號順暉路旅檢大樓 507C  ,没有,没有
476,"
                    香港國際機場(6W003)
                ","
22.312219
","
113.927115
",,,,,,赤鱲角香港國際機場 6W003 (附設人民幣提現服務)  ,没有,没有
477,"
                    香港國際機場(7T001)
                ","
22.314707
","
113.933065
",,,,,,赤鱲角香港國際機場 7T001  ,没有,没有
478,"
                    香港飛機工程(HAECO)
                ","
22.303744
","
113.899421
",,,,,,新界大嶼山香港國際機場南環路80號HAECO一號機庫E座地下位置  ,没有,没有
479,"
                    滿東村
                ","
22.277870
","
113.932932
",,,,,,東涌滿東邨滿和樓C翼地下通道  ,没有,没有
480,"
                    迎東村
                ","
22.296968124860825
","
113.95319939912947
",,,,,,東涌迎東村迎東商場地下13號舖  ,没有,没有
