区域,小区,总价,房型,面积,单价,朝向,楼层位置,装修情况,建筑时间,是否有电梯,产权类型,挂牌时间
同安,华森公园首府,179.0,3室2厅,82.49平米,21700,北,低楼层/共12层,平层/简装,"塔楼
                      ",,"非共有
                                                                            ","2021年11月12日
                                                                            "
同安,保利叁仟栋一期,323.0,3室2厅,95.48平米,33830,南,高楼层/共46层,平层/精装,"板塔结合
                      ",有,"共有
                                                                            ","2021年11月18日
                                                                            "
同安,中海万锦熙岸,170.0,2室2厅,74.21平米,22908,南,中楼层/共24层,平层/精装,"板塔结合
                      ",有,"共有
                                                                            ","2021年11月05日
                                                                            "
同安,银华新村,98.0,3室1厅,69.84平米,14033,南 北,中楼层/共5层,平层/简装,"暂无数据
                      ",,"非共有
                                                                            ","2021年11月17日
                                                                            "
同安,长荣花园,148.0,2室2厅,59.2平米,25000,东南,中楼层/共17层,平层/简装,"2013年建/板楼
                          ",有,"非共有
                                                                            ","2021年11月03日
                                                                            "
同安,汀溪尚品,95.0,2室1厅,92.19平米,10305,南 北,低楼层/共6层,平层/简装,"2017年建/塔楼
                          ",,"共有
                                                                            ","2021年03月25日
                                                                            "
同安,阳光美郡,150.0,2室2厅,90.21平米,16628,西南,高楼层/共25层,平层/精装,"板楼
                      ",有,"非共有
                                                                            ","2020年04月15日
                                                                            "
同安,鸿梅花园,112.0,3室2厅,105.35平米,10632,南,高楼层/共7层,平层/精装,"暂无数据
                      ",,"共有
                                                                            ","2021年08月08日
                                                                            "
同安,中海万锦熙岸,155.0,2室1厅,74平米,20946,南,低楼层/共24层,平层/精装,"板塔结合
                      ",有,"非共有
                                                                            ","2020年07月20日
                                                                            "
同安,汀溪尚品,90.0,3室2厅,82.33平米,10932,东南,低楼层/共6层,平层/精装,"2017年建/板楼
                          ",有,"共有
                                                                            ","2021年08月06日
                                                                            "
同安,华森公园首府,172.0,3室2厅,80.59平米,21343,南,低楼层/共17层,平层/精装,"塔楼
                      ",有,"共有
                                                                            ","2020年12月02日
                                                                            "
同安,锦辉国际花园,118.0,2室1厅,51.13平米,23079,南,中楼层/共18层,平层/精装,"2008年建/板楼
                          ",有,"非共有
                                                                            ","2021年11月08日
                                                                            "
同安,特房银溪春墅,201.0,2室2厅,82.55平米,24349,南,中楼层/共30层,平层/精装,"2015年建/板塔结合
                          ",,"非共有
                                                                            ","2021年10月20日
                                                                            "
同安,华森公园首府,137.0,2室1厅,52.25平米,26221,南,中楼层/共17层,平层/精装,"塔楼
                      ",有,"非共有
                                                                            ","2021年08月31日
                                                                            "
同安,金都海尚国际,160.0,1室1厅,60.2平米,26579,东南 南,高楼层/共40层,平层/精装,"2015年建/板塔结合
                          ",有,"非共有
                                                                            ","2021年11月13日
                                                                            "
同安,陆丰嘉园,123.0,2室2厅,61.48平米,20007,南 北,高楼层/共6层,平层/精装,"暂无数据
                      ",,"共有
                                                                            ","2021年06月15日
                                                                            "
同安,古龙山语听溪,115.0,2室2厅,83.64平米,13750,南 北,低楼层/共13层,平层/毛坯,"2015年建/板楼
                          ",,"共有
                                                                            ","2021年06月08日
                                                                            "
同安,巴厘香泉,70.0,2室1厅,57.52平米,12170,南,中楼层/共33层,平层/毛坯,"2015年建/板楼
                          ",有,"非共有
                                                                            ","2019年08月13日
                                                                            "
同安,建发环中楼,158.0,3室2厅,125.38平米,12602,南,高楼层/共7层,平层/精装,"暂无数据
                      ",,"共有
                                                                            ","2021年10月18日
                                                                            "
同安,禹洲香溪里2#地块,135.0,2室2厅,85.81平米,15733,南,低楼层/共19层,平层/毛坯,"塔楼
                      ",有,"非共有
                                                                            ","2021年09月02日
                                                                            "
同安,厦航同城湾,102.8,1室1厅,46.98平米,21882,北,低楼层/共24层,平层/精装,"2009年建/板楼
                          ",有,"共有
                                                                            ","2021年07月07日
                                                                            "
同安,大族泉天下,208.0,4室2厅,168.12平米,12373,东南 北,低楼层/共1层,暂无数据/毛坯,"板楼
                      ",,"非共有
                                                                            ","2021年07月06日
                                                                            "
同安,古庄新城一期,100.0,2室1厅,39.03平米,25622,南,中楼层/共6层,平层/精装,"2010年建/板楼
                          ",,"非共有
                                                                            ","2020年09月12日
                                                                            "
同安,中海万锦熙岸,163.6,2室1厅,74.33平米,22010,南,低楼层/共24层,平层/精装,"2017年建/板塔结合
                          ",有,"非共有
                                                                            ","2020年08月05日
                                                                            "
同安,禹洲香溪里3#地块,150.0,3室1厅,81.34平米,18442,南,低楼层/共16层,平层/精装,"暂无数据
                      ",,"共有
                                                                            ","2021年11月19日
                                                                            "
同安,莲福广场,58.0,1室0厅,28.97平米,20021,南,中楼层/共5层,平层/精装,"2004年建/板楼
                          ",,"非共有
                                                                            ","2021年10月16日
                                                                            "
同安,中海万锦熙岸,159.8,2室2厅,73.99平米,21598,南,低楼层/共24层,平层/精装,"板塔结合
                      ",有,"非共有
                                                                            ","2021年08月18日
                                                                            "
同安,中海万锦熙岸,179.0,2室2厅,74.31平米,24089,南,中楼层/共24层,平层/精装,"板塔结合
                      ",有,"非共有
                                                                            ","2021年07月25日
                                                                            "
同安,华森公园首府,185.0,3室1厅,82.37平米,22460,北,高楼层/共12层,平层/精装,"塔楼
                      ",,"非共有
                                                                            ","2021年07月17日
                                                                            "
同安,建发中央天悦,260.0,3室2厅,119.16平米,21820,南,低楼层/共32层,复式/毛坯,"暂无数据
                      ",,"共有
                                                                            ","2021年07月15日
                                                                            "
同安,同安大唐世家六期,96.0,2室1厅,48.62平米,19745,东 西,中楼层/共7层,平层/精装,"板塔结合
                      ",,"非共有
                                                                            ","2021年07月13日
                                                                            "
同安,禹洲香溪里4#地块,146.0,2室1厅,82.63平米,17670,南,中楼层/共19层,平层/精装,"暂无数据
                      ",有,"非共有
                                                                            ","2021年07月12日
                                                                            "
同安,航空祥郡,208.0,3室2厅,84.81平米,24526,南,低楼层/共28层,平层/毛坯,"板塔结合
                      ",有,"非共有
                                                                            ","2021年07月10日
                                                                            "
同安,中海万锦熙岸,242.8,3室2厅,108.41平米,22397,南 北,中楼层/共34层,平层/精装,"2015年建/板塔结合
                          ",有,"共有
                                                                            ","2021年05月22日
                                                                            "
同安,西池小区,120.0,2室2厅,80.28平米,14948,南,高楼层/共8层,平层/精装,"暂无数据
                      ",,"非共有
                                                                            ","2021年04月21日
                                                                            "
同安,古庄新城一期,358.0,4室2厅,201.29平米,17786,南,高楼层/共6层,跃层/精装,"2010年建/板楼
                          ",,"共有
                                                                            ","2021年04月08日
                                                                            "
同安,巴厘香泉,112.0,3室2厅,92.5平米,12109,南 北,中楼层/共33层,平层/精装,"2015年建/板塔结合
                          ",有,"共有
                                                                            ","2021年03月15日
                                                                            "
同安,中海万锦熙岸,175.0,2室2厅,74平米,23649,南,中楼层/共24层,平层/精装,"2017年建/板塔结合
                          ",有,"共有
                                                                            ","2020年12月03日
                                                                            "
同安,瑞祥小区,192.0,3室2厅,119.26平米,16100,南 北,低楼层/共6层,平层/精装,"2004年建/板楼
                          ",,"非共有
                                                                            ","2020年11月06日
                                                                            "
同安,同城四季北座,250.0,3室2厅,131.33平米,19037,南 北,低楼层/共22层,平层/毛坯,"板塔结合
                      ",有,"非共有
                                                                            ","2020年08月20日
                                                                            "
同安,巴厘香泉,87.0,2室1厅,56.27平米,15462,南,低楼层/共30层,平层/精装,"2015年建/板楼
                          ",有,"共有
                                                                            ","2020年08月14日
                                                                            "
同安,阳光美郡,145.0,2室1厅,89.34平米,16231,东南 西,中楼层/共25层,平层/精装,"板楼
                      ",有,"非共有
                                                                            ","2020年08月14日
                                                                            "
同安,禹洲香溪里7#地块,135.0,2室2厅,82.53平米,16358,东南,低楼层/共32层,平层/毛坯,"板楼
                      ",有,"非共有
                                                                            ","2020年07月03日
                                                                            "
同安,芸溪居住公园(二期),208.0,3室2厅,106.14平米,19597,东南,高楼层/共6层,平层/精装,"2010年建/板楼
                          ",,"非共有
                                                                            ","2020年04月04日
                                                                            "
同安,长荣花园,154.0,2室2厅,59平米,26102,东南,高楼层/共17层,平层/精装,"2013年建/板楼
                          ",有,"共有
                                                                            ","2019年11月16日
                                                                            "
同安,中联观云溪,166.0,2室1厅,80.68平米,20576,南 北,高楼层/共16层,平层/毛坯,"2017年建/板楼
                          ",有,"非共有
                                                                            ","2019年06月30日
                                                                            "
同安,阳光美郡,155.0,2室2厅,89.83平米,17255,南 北,低楼层/共25层,平层/精装,"板楼
                      ",有,"共有
                                                                            ","2019年06月28日
                                                                            "
同安,恒亿尚品湾（1/2/5/6期）,340.0,3室2厅,83.71平米,40617,东南,低楼层/共21层,平层/精装,"2016年建/板楼
                          ",有,"非共有
                                                                            ","2019年04月01日
                                                                            "
同安,中联观云溪,234.6,3室2厅,108.18平米,21687,东南 南,中楼层/共16层,平层/简装,"暂无数据
                      ",有,"非共有
                                                                            ","2021年04月05日
                                                                            "
同安,禹洲香溪里7#地块,95.0,1室1厅,45.81平米,20738,北,中楼层/共24层,暂无数据/毛坯,"2016年建/板楼
                          ",有,"共有
                                                                            ","2021年12月15日
                                                                            "
同安,保利叁仟栋二期,160.0,1室1厅,47.24平米,33870,东南,低楼层/共33层,平层/精装,"板塔结合
                      ",有,"非共有
                                                                            ","2021年12月15日
                                                                            "
同安,东山下间里,520.0,7室3厅,273.81平米,18992,南 北 东,低楼层/共3层,暂无数据/精装,"2012年建/暂无数据
                          ",,"非共有
                                                                            ","2021年12月15日
                                                                            "
同安,长荣花园,218.0,3室2厅,90.16平米,24180,东南,中楼层/共17层,平层/简装,"2013年建/板楼
                          ",有,"非共有
                                                                            ","2021年11月03日
                                                                            "
同安,金都海尚国际,483.0,3室2厅,141.87平米,34046,南 北,低楼层/共38层,平层/精装,"2015年建/板塔结合
                          ",有,"共有
                                                                            ","2021年12月15日
                                                                            "
同安,金利蓝湾新城,198.0,3室2厅,92.79平米,21339,南 北,低楼层/共18层,平层/其他,"2010年建/板楼
                          ",,"共有
                                                                            ","2021年12月14日
                                                                            "
同安,特房银溪春墅,199.0,2室2厅,82.04平米,24257,南,低楼层/共30层,暂无数据/精装,"2015年建/板塔结合
                          ",,"非共有
                                                                            ","2021年12月14日
                                                                            "
同安,城西一里,119.0,3室1厅,73.45平米,16202,北,高楼层/共5层,平层/简装,"暂无数据
                      ",,"非共有
                                                                            ","2021年10月27日
                                                                            "
同安,唐鸣祥福花园,190.0,3室2厅,123.11平米,15434,南,中楼层/共7层,平层/简装,"2005年建/板楼
                          ",,"非共有
                                                                            ","2021年10月21日
                                                                            "
同安,新景舜弘上院,371.0,4室2厅,170.03平米,21820,西南,低楼层/共30层,复式/毛坯,"板楼
                      ",,"共有
                                                                            ","2021年10月21日
                                                                            "
同安,银华新村,82.0,2室1厅,52.89平米,15504,南 北,高楼层/共6层,暂无数据/精装,"暂无数据
                      ",,"非共有
                                                                            ","2021年10月20日
                                                                            "
同安,中海万锦熙岸,195.0,3室2厅,88.15平米,22122,南 北,低楼层/共34层,平层/精装,"2015年建/板楼
                          ",有,"非共有
                                                                            ","2021年10月06日
                                                                            "
同安,保利叁仟栋二期,750.0,6室3厅,134.76平米,55655,北 南,低楼层/共3层,暂无数据/毛坯,"暂无数据
                      ",,"共有
                                                                            ","2021年09月18日
                                                                            "
同安,保利叁仟栋二期,160.0,1室1厅,47.24平米,33870,东南,低楼层/共33层,平层/精装,"板塔结合
                      ",有,"非共有
                                                                            ","2021年12月15日
                                                                            "
同安,巴厘香泉,105.0,3室2厅,92.13平米,11397,南 北,高楼层/共33层,平层/毛坯,"2015年建/板塔结合
                          ",有,"共有
                                                                            ","2021年09月09日
                                                                            "
同安,建发中央天悦,282.0,2室2厅,94.43平米,29864,南 北,低楼层/共18层,跃层/精装,"塔楼
                      ",有,"非共有
                                                                            ","2021年09月08日
                                                                            "
同安,禹洲香溪里1#地块,130.0,2室2厅,78.53平米,16555,南 北,低楼层/共28层,平层/毛坯,"暂无数据
                      ",,"非共有
                                                                            ","2021年09月03日
                                                                            "
同安,东山下间里,520.0,7室3厅,273.81平米,18992,南 北 东,低楼层/共3层,暂无数据/精装,"2012年建/暂无数据
                          ",,"非共有
                                                                            ","2021年12月15日
                                                                            "
同安,中联观云溪,200.0,3室1厅,93.09平米,21485,南 北,高楼层/共18层,平层/精装,"板塔结合
                      ",有,"非共有
                                                                            ","2021年09月03日
                                                                            "
同安,金都海尚国际,483.0,3室2厅,141.87平米,34046,南 北,低楼层/共38层,平层/精装,"2015年建/板塔结合
                          ",有,"共有
                                                                            ","2021年12月15日
                                                                            "
同安,凤凰城,236.0,4室2厅,110.63平米,21333,南,低楼层/共6层,平层/毛坯,"2008年建/板楼
                          ",,"共有
                                                                            ","2021年08月27日
                                                                            "
同安,凤凰城,112.0,2室1厅,40.16平米,27889,东 北,低楼层/共6层,平层/简装,"2008年建/板楼
                          ",,"非共有
                                                                            ","2021年08月27日
                                                                            "
同安,阳光美郡,170.0,3室2厅,90.21平米,18845,东,低楼层/共25层,平层/精装,"2015年建/板楼
                          ",有,"非共有
                                                                            ","2021年08月25日
                                                                            "
同安,特房银溪春墅,198.0,2室2厅,81.45平米,24310,南 北,低楼层/共30层,平层/精装,"2015年建/板塔结合
                          ",,"共有
                                                                            ","2021年08月24日
                                                                            "
同安,金利蓝湾新城,198.0,3室2厅,92.79平米,21339,南 北,低楼层/共18层,平层/其他,"2010年建/板楼
                          ",,"共有
                                                                            ","2021年12月14日
                                                                            "
同安,唐鸣祥福花园,220.0,3室2厅,117.66平米,18698,南,高楼层/共7层,跃层/精装,"2005年建/板楼
                          ",,"共有
                                                                            ","2021年08月23日
                                                                            "
同安,特房银溪春墅,199.0,2室2厅,82.04平米,24257,南,低楼层/共30层,暂无数据/精装,"2015年建/板塔结合
                          ",,"非共有
                                                                            ","2021年12月14日
                                                                            "
同安,特房银溪春墅,198.0,2室2厅,81.66平米,24247,南,低楼层/共31层,平层/精装,"板塔结合
                      ",有,"非共有
                                                                            ","2021年08月09日
                                                                            "
同安,特房银溪春墅,203.0,3室2厅,82.4平米,24636,南,低楼层/共30层,平层/精装,"2015年建/板塔结合
                          ",,"非共有
                                                                            ","2021年08月09日
                                                                            "
同安,古庄新城一期,279.9,3室2厅,197.37平米,14182,南 北,高楼层/共6层,跃层/精装,"2010年建/板楼
                          ",,"共有
                                                                            ","2021年08月06日
                                                                            "
同安,特房银溪春墅,92.0,1室1厅,35.49平米,25923,南,低楼层/共32层,平层/精装,"板塔结合
                      ",有,"非共有
                                                                            ","2021年07月31日
                                                                            "
同安,同安大唐世家三期,61.0,1室0厅,22.34平米,27306,西,低楼层/共32层,暂无数据/精装,"板楼
                      ",有,"非共有
                                                                            ","2021年12月14日
                                                                            "
同安,阳光美郡,150.0,2室2厅,83.18平米,18034,南,低楼层/共18层,平层/精装,"板楼
                      ",有,"非共有
                                                                            ","2021年12月14日
                                                                            "
同安,芸溪居住公园(三期),220.0,3室2厅,96.32平米,22841,南,低楼层/共17层,平层/精装,"2011年建/暂无数据
                          ",,"非共有
                                                                            ","2021年07月21日
                                                                            "
同安,欣发嘉园,218.0,4室2厅,109.17平米,19969,南 北,高楼层/共4层,暂无数据/简装,"暂无数据
                      ",,"非共有
                                                                            ","2021年12月14日
                                                                            "
同安,国贸金沙湾,340.0,2室2厅,89.33平米,38062,南,低楼层/共30层,平层/精装,"塔楼
                      ",有,"非共有
                                                                            ","2021年07月20日
                                                                            "
同安,华清中心城(二期),190.0,3室2厅,125.53平米,15136,南 北,高楼层/共8层,平层/精装,"板楼
                      ",,"共有
                                                                            ","2021年07月17日
                                                                            "
同安,同安大唐世家六期,108.0,2室1厅,51.6平米,20931,西,高楼层/共7层,平层/简装,"板塔结合
                      ",,"非共有
                                                                            ","2021年07月12日
                                                                            "
同安,公园道1号,510.0,3室2厅,123.56平米,41276,南 北,中楼层/共20层,暂无数据/毛坯,"2012年建/板楼
                          ",,"共有
                                                                            ","2021年12月14日
                                                                            "
同安,芸溪居住公园(一期),325.0,4室3厅,118.12平米,27515,南 北,低楼层/共6层,暂无数据/精装,"暂无数据
                      ",,"非共有
                                                                            ","2021年12月13日
                                                                            "
同安,凤凰城,194.7,3室2厅,89.55平米,21743,南,低楼层/共6层,平层/简装,"2008年建/板楼
                          ",,"非共有
                                                                            ","2021年07月03日
                                                                            "
同安,鸿福新村,235.0,3室2厅,135平米,17408,东南,高楼层/共6层,平层/精装,"板楼
                      ",,"非共有
                                                                            ","2021年03月26日
                                                                            "
同安,居安里,112.0,2室1厅,65.18平米,17184,南,高楼层/共6层,平层/简装,"暂无数据
                      ",,"非共有
                                                                            ","2021年03月19日
                                                                            "
同安,芸溪居住公园(一期),219.0,3室2厅,121.83平米,17976,南 北,低楼层/共6层,平层/精装,"板楼
                      ",,"非共有
                                                                            ","2021年03月17日
                                                                            "
同安,同安大唐世家一、二期,195.0,3室2厅,123.79平米,15753,南,高楼层/共7层,平层/精装,"2000年建/塔楼
                          ",,"共有
                                                                            ","2021年03月09日
                                                                            "
同安,巴厘香泉,78.0,1室1厅,59平米,13221,南,中楼层/共33层,平层/简装,"2015年建/板塔结合
                          ",有,"共有
                                                                            ","2021年03月08日
                                                                            "
同安,同安大唐世家三期,208.0,3室2厅,120平米,17334,东,中楼层/共5层,平层/简装,"暂无数据
                      ",,"非共有
                                                                            ","2021年02月02日
                                                                            "
同安,汀溪尚品,82.0,3室1厅,82.33平米,9960,南 北,低楼层/共6层,平层/简装,"2017年建/板楼
                          ",,"非共有
                                                                            ","2021年01月09日
                                                                            "
同安,中联观云溪,165.0,2室2厅,80.54平米,20487,南,中楼层/共20层,平层/毛坯,"2017年建/板楼
                          ",有,"非共有
                                                                            ","2020年12月31日
                                                                            "
同安,古龙山语听溪,132.0,3室2厅,98.25平米,13436,南 北,低楼层/共18层,平层/毛坯,"板楼
                      ",,"非共有
                                                                            ","2020年12月29日
                                                                            "
同安,金利蓝湾新城,198.0,3室2厅,92.79平米,21339,南 北,低楼层/共18层,平层/其他,"2010年建/板楼
                          ",,"共有
                                                                            ","2021年12月14日
                                                                            "
同安,航空祥郡,248.0,3室2厅,90.21平米,27492,南 北,低楼层/共28层,平层/精装,"暂无数据
                      ",有,"非共有
                                                                            ","2020年12月27日
                                                                            "
同安,海西舜弘公馆,260.0,3室2厅,118.43平米,21954,南,中楼层/共25层,平层/毛坯,"2015年建/塔楼
                          ",有,"非共有
                                                                            ","2020年12月27日
                                                                            "
同安,古龙山语听溪,388.0,5室3厅,220平米,17637,南 北,低楼层/共4层,暂无数据/毛坯,"暂无数据
                      ",,"非共有
                                                                            ","2020年12月21日
                                                                            "
同安,中海万锦熙岸,165.0,2室1厅,74.21平米,22235,南,低楼层/共24层,平层/精装,"板塔结合
                      ",有,"共有
                                                                            ","2020年12月15日
                                                                            "
同安,同安大唐世家三期,75.0,1室0厅,29.05平米,25818,东,高楼层/共32层,平层/精装,"板楼
                      ",有,"共有
                                                                            ","2020年12月08日
                                                                            "
同安,鸿梅花园,132.0,3室2厅,106平米,12453,南 北,高楼层/共6层,平层/简装,"暂无数据
                      ",,"共有
                                                                            ","2020年12月07日
                                                                            "
同安,中海万锦熙岸,172.0,2室2厅,74.39平米,23122,东南,低楼层/共24层,平层/精装,"板塔结合
                      ",有,"非共有
                                                                            ","2020年10月21日
                                                                            "
同安,特房银溪春墅,199.0,2室2厅,82.04平米,24257,南,低楼层/共30层,暂无数据/精装,"2015年建/板塔结合
                          ",,"非共有
                                                                            ","2021年12月14日
                                                                            "
同安,建发环中楼,180.0,3室2厅,125.38平米,14357,南 北,中楼层/共7层,平层/精装,"暂无数据
                      ",,"共有
                                                                            ","2020年09月12日
                                                                            "
同安,禹洲香溪里6#地块,318.0,4室2厅,85.6平米,37150,南 北,低楼层/共2层,暂无数据/毛坯,"暂无数据
                      ",,"非共有
                                                                            ","2020年09月10日
                                                                            "
同安,同安大唐世家三期,61.0,1室0厅,22.34平米,27306,西,低楼层/共32层,暂无数据/精装,"板楼
                      ",有,"非共有
                                                                            ","2021年12月14日
                                                                            "
同安,长城花园,145.0,3室2厅,114平米,12720,南 北,中楼层/共8层,平层/精装,"板楼
                      ",,"非共有
                                                                            ","2020年06月30日
                                                                            "
同安,华森公园首府,190.0,2室2厅,80.91平米,23483,南,中楼层/共17层,平层/简装,"2013年建/塔楼
                          ",有,"非共有
                                                                            ","2020年06月30日
                                                                            "
同安,阳光美郡,150.0,2室2厅,83.18平米,18034,南,低楼层/共18层,平层/精装,"板楼
                      ",有,"非共有
                                                                            ","2021年12月14日
                                                                            "
同安,巴厘香泉,116.0,3室2厅,91.26平米,12711,东南,中楼层/共33层,平层/毛坯,"2015年建/板塔结合
                          ",有,"非共有
                                                                            ","2020年06月22日
                                                                            "
同安,双溪公寓,205.0,4室2厅,142.44平米,14393,南,中楼层/共8层,平层/精装,"2005年建/板塔结合
                          ",,"非共有
                                                                            ","2020年05月30日
                                                                            "
同安,同城四季南座,117.0,1室1厅,41.11平米,28461,南 东,中楼层/共16层,平层/简装,"2012年建/板楼
                          ",有,"非共有
                                                                            ","2020年05月14日
                                                                            "
同安,同安大唐世家三期,222.0,3室2厅,102.62平米,21634,南,低楼层/共26层,平层/精装,"2000年建/板楼
                          ",有,"非共有
                                                                            ","2020年04月21日
                                                                            "
同安,欣发嘉园,218.0,4室2厅,109.17平米,19969,南 北,高楼层/共4层,暂无数据/简装,"暂无数据
                      ",,"非共有
                                                                            ","2021年12月14日
                                                                            "
同安,西池小区,171.6,3室2厅,127.03平米,13509,南,中楼层/共8层,平层/精装,"暂无数据
                      ",,"非共有
                                                                            ","2020年04月01日
                                                                            "
同安,锦辉国际花园,189.0,3室1厅,83.34平米,22679,南,中楼层/共18层,暂无数据/精装,"2008年建/塔楼
                          ",有,"共有
                                                                            ","2021年12月12日
                                                                            "
同安,中联观云溪,182.0,3室1厅,80.65平米,22567,南,中楼层/共18层,平层/精装,"板塔结合
                      ",有,"非共有
                                                                            ","2021年12月11日
                                                                            "
同安,长城花园,145.0,3室2厅,114平米,12720,南 北,中楼层/共8层,平层/精装,"板楼
                      ",,"非共有
                                                                            ","2020年06月30日
                                                                            "
同安,华森公园首府,190.0,2室2厅,80.91平米,23483,南,中楼层/共17层,平层/简装,"2013年建/塔楼
                          ",有,"非共有
                                                                            ","2020年06月30日
                                                                            "
同安,巴厘香泉,116.0,3室2厅,91.26平米,12711,东南,中楼层/共33层,平层/毛坯,"2015年建/板塔结合
                          ",有,"非共有
                                                                            ","2020年06月22日
                                                                            "
同安,双溪公寓,205.0,4室2厅,142.44平米,14393,南,中楼层/共8层,平层/精装,"2005年建/板塔结合
                          ",,"非共有
                                                                            ","2020年05月30日
                                                                            "
同安,瑞祥小区,289.8,5室1厅,181.89平米,15933,南 北,高楼层/共6层,跃层/精装,"板楼
                      ",,"非共有
                                                                            ","2021年12月11日
                                                                            "
同安,同城四季南座,117.0,1室1厅,41.11平米,28461,南 东,中楼层/共16层,平层/简装,"2012年建/板楼
                          ",有,"非共有
                                                                            ","2020年05月14日
                                                                            "
同安,同安大唐世家三期,222.0,3室2厅,102.62平米,21634,南,低楼层/共26层,平层/精装,"2000年建/板楼
                          ",有,"非共有
                                                                            ","2020年04月21日
                                                                            "
同安,西池小区,171.6,3室2厅,127.03平米,13509,南,中楼层/共8层,平层/精装,"暂无数据
                      ",,"非共有
                                                                            ","2020年04月01日
                                                                            "
同安,华森公园首府,145.0,2室1厅,50.17平米,28902,南,低楼层/共17层,平层/精装,"塔楼
                      ",有,"非共有
                                                                            ","2020年01月05日
                                                                            "
同安,禹洲香溪里5#地块,359.0,3室2厅,120.69平米,29746,南 东 北,低楼层/共3层,暂无数据/毛坯,"暂无数据
                      ",,"非共有
                                                                            ","2019年12月31日
                                                                            "
同安,唐鸣祥福花园,213.0,3室2厅,134.12平米,15882,南 北,中楼层/共7层,平层/精装,"2005年建/板楼
                          ",,"共有
                                                                            ","2019年11月15日
                                                                            "
同安,华森公园首府,203.0,3室1厅,92.66平米,21909,北,低楼层/共16层,平层/精装,"塔楼
                      ",,"非共有
                                                                            ","2019年11月12日
                                                                            "
同安,金帝中洲滨海城二期,305.0,3室2厅,87.51平米,34854,南,低楼层/共14层,复式/毛坯,"板楼
                      ",有,"共有
                                                                            ","2021年12月11日
                                                                            "
同安,华森公园首府,145.0,1室1厅,50.17平米,28902,东南,中楼层/共17层,平层/精装,"塔楼
                      ",有,"非共有
                                                                            ","2019年10月23日
                                                                            "
同安,同安大唐世家一、二期,153.0,2室2厅,75.5平米,20265,南,低楼层/共6层,暂无数据/精装,"2000年建/板楼
                          ",,"共有
                                                                            ","2021年12月11日
                                                                            "
同安,长荣花园,142.5,1室1厅,59.2平米,24071,南,中楼层/共17层,平层/毛坯,"2015年建/板楼
                          ",有,"非共有
                                                                            ","2019年08月25日
                                                                            "
同安,同安大唐世家六期,160.0,2室2厅,87.54平米,18278,南,中楼层/共7层,暂无数据/精装,"板塔结合
                      ",,"非共有
                                                                            ","2021年12月11日
                                                                            "
同安,禹洲香溪里4#地块,142.0,2室2厅,83.5平米,17006,南,高楼层/共19层,暂无数据/精装,"暂无数据
                      ",有,"非共有
                                                                            ","2021年12月11日
                                                                            "
同安,保利叁仟栋一期,260.0,2室2厅,68.84平米,37769,东南,中楼层/共40层,平层/精装,"板塔结合
                      ",有,"非共有
                                                                            ","2021年12月10日
                                                                            "
同安,芸溪居住公园(四期),369.0,3室2厅,131平米,28168,南 北,低楼层/共17层,暂无数据/精装,"2004年建/塔楼
                          ",,"非共有
                                                                            ","2021年12月10日
                                                                            "
同安,裕景新城,168.0,3室2厅,116.93平米,14368,东南,高楼层/共6层,暂无数据/其他,"暂无数据
                      ",,"非共有
                                                                            ","2021年12月10日
                                                                            "
同安,古龙御园,330.0,4室3厅,105.31平米,31337,南,低楼层/共19层,暂无数据/毛坯,"2010年建/板楼
                          ",,"共有
                                                                            ","2021年12月10日
                                                                            "
同安,古庄新城二期,286.0,3室2厅,138.77平米,20610,南,中楼层/共11层,暂无数据/简装,"板楼
                      ",,"非共有
                                                                            ","2021年12月10日
                                                                            "
同安,禹洲香溪里7#地块,95.0,1室1厅,46.29平米,20523,北,中楼层/共23层,暂无数据/精装,"板楼
                      ",有,"共有
                                                                            ","2021年12月10日
                                                                            "
同安,古庄新城一期,246.0,3室2厅,136.8平米,17983,东南 南,低楼层/共6层,暂无数据/简装,"板楼
                      ",,"非共有
                                                                            ","2021年12月10日
                                                                            "
同安,裕景新城,186.0,3室2厅,141.72平米,13125,南 北,中楼层/共7层,平层/毛坯,"2000年建/板塔结合
                          ",,"非共有
                                                                            ","2021年12月10日
                                                                            "
同安,禹洲香溪里4#地块,13.0,车位,36.95平米,3519,北,暂无数据,暂无数据/毛坯,"暂无数据
                      ",,"非共有
                                                                            ","2021年12月09日
                                                                            "
同安,洋坂里,125.0,3室2厅,91.26平米,13698,南,高楼层/共7层,暂无数据/简装,"暂无数据
                      ",,"共有
                                                                            ","2021年12月09日
                                                                            "
同安,长荣花园,142.5,1室1厅,59.2平米,24071,南,中楼层/共17层,平层/毛坯,"2015年建/板楼
                          ",有,"非共有
                                                                            ","2019年08月25日
                                                                            "
同安,阳光清境,370.0,4室2厅,155.04平米,23865,东南,高楼层/共18层,复式/精装,"2009年建/塔楼
                          ",有,"非共有
                                                                            ","2021年12月09日
                                                                            "
同安,大溪地三期,496.0,4室2厅,155.67平米,31863,南,中楼层/共18层,暂无数据/精装,"2011年建/板楼
                          ",有,"非共有
                                                                            ","2021年12月09日
                                                                            "
同安,银安大厦,185.0,3室2厅,125.02平米,14798,南,高楼层/共9层,暂无数据/简装,"暂无数据
                      ",,"非共有
                                                                            ","2021年12月09日
                                                                            "
同安,禹洲香溪里4#地块,182,3室2厅,102.81平米,17703,东南,高楼层/共29层,暂无数据/精装,"塔楼
                      ",有,"非共有
                                                                            ","2021年12月08日
                                                                            "
